"author_name","Period_3_2021_2025","Period_1_2012_2016","Period_2_2016_2021","total_commits"
"Darien Raymond",47,748,6392,7187
"Max Lv",97,2093,1615,3805
"Victoria Raymond",0,0,3514,3514
"Mygod",120,330,1664,2114
"v2ray",0,1718,9,1727
"zonyitoo",952,0,680,1632
"loyalsoldier",16,0,1541,1557
"Shelikhoo",724,168,474,1366
"Kslr",8,0,1261,1269
"Symeon Huang",0,965,144,1109
"clowwindy",0,1108,0,1108
"V2Ray",0,986,0,986
"V2Ray Auto Build",0,364,621,985
"EpLiar",46,0,852,898
"Toby",724,0,143,867
"Loyalsoldier",252,0,537,789
"actions",669,0,117,786
"Gyt",0,149,593,742
"gyt-Macmini",0,293,440,733
"Richard Chen",1,0,688,689
"ToutyRater",0,11,527,538
"Y. T. Chung",0,282,255,537
"RPRX",0,0,450,450
"rootmelo92118",410,0,0,410
"Guyuteng",0,3,376,379
"R. Daneel Olivaw",0,0,313,313
"vcptr",0,0,289,289
"Jian Chang",15,99,173,287
"IceCodeNew",112,0,174,286
"Qiu Yuzhou",21,5,258,284
"Dct Mei",0,0,279,279
"Chen Yufei",0,266,0,266
"Syrone Wong",0,71,153,224
"DarienRaymond",0,0,217,217
"Eggham",0,0,214,214
"gyteng",0,0,213,213
"V2 Ray",0,202,0,202
"ohsorry",0,0,188,188
"Charlie Qiu",0,79,105,184
"aa65535",0,175,0,175
"Gyt-OMEN",5,0,164,169
"rhjdvsgsgks",2,0,145,147
"William Wong",0,145,0,145
"秋のかえで",133,0,7,140
"celeron533",0,0,134,134
"MkQtS",119,0,0,119
"Student Main",0,0,115,115
"kslr",8,0,104,112
"noisyfox",0,25,84,109
"Gang Zhuo",0,107,0,107
"sunshineplan",3,0,99,102
"Zzqqbs",0,0,94,94
"database64128",23,0,62,85
"Doublemine",0,0,84,84
"Haruue Icymoon",73,0,4,77
"ShellBOT-ReleaseSigner",51,0,25,76
"Signaliks",76,0,0,76
"icylogic",0,75,0,75
"Allen Zhu",0,2,72,74
"Haruue",74,0,0,74
"Roger Shimizu",0,8,63,71
"ty",61,0,8,69
"GitHub Action",0,0,67,67
"V2FlyContrib",1,0,65,66
"Gu",2,5,58,65
"Nicholas Wang",3,0,62,65
"tobyxdd",64,0,0,64
"kimw",1,54,6,61
"Vigilans",18,0,40,58
"DuckSoft",3,0,52,55
"Xiaokang Wang",7,0,46,53
"luozijun",5,0,48,53
"Jason",0,0,48,48
"Kid",15,0,32,47
"Aaron Chen",45,0,0,45
"Funray Qu",0,0,42,42
"Linus Yang",0,12,30,42
"jinqiang zhang",40,0,0,40
"Boyuan Yang",0,25,11,36
"molink36",36,0,0,36
"losfair",0,0,35,35
"AkinoKaede",34,0,0,34
"Sunny",0,34,0,34
"粒粒橙",0,0,34,34
"v2ray-shell",0,0,31,31
"Opportunity",2,0,28,30
"XiaMo",0,0,30,30
"Aethersailor",29,0,0,29
"Licshee",0,29,0,29
"mritd",19,0,10,29
"Bot",1,0,27,28
"lucifer9",0,0,28,28
"深鸣",28,0,0,28
"CzBiX",0,16,11,27
"Jinqiu Yu",0,0,27,27
"The Mule",0,0,26,26
"Xiaokang Wang (Shelikhoo)",26,0,0,26
"forever8938",0,0,26,26
"kxjhlele",0,26,0,26
"Tim Xylon",25,0,0,25
"Toad-stool",25,0,0,25
"Kim",0,10,14,24
"Clarence Gui",0,0,23,23
"Rater",0,0,23,23
"dyhkwong",21,0,2,23
"written143",23,0,0,23
"ZQRui",0,0,22,22
"bijoni",22,0,0,22
"initrider",0,0,22,22
"世界",22,0,0,22
"wtlusvm",0,2,19,21
"Y. T. CHUNG",0,6,14,20
"rprx",0,0,20,20
"v2rayshell",0,0,20,20
"Jimmy Huang",19,0,0,19
"QxQ",0,0,19,19
"Felix Yan",1,1,16,18
"peeweep",18,0,0,18
"yuhan6665",7,0,11,18
"GuYuteng",0,0,17,17
"Ryze",17,0,0,17
"zhullyb",10,0,7,17
"⑨bingyin",17,0,0,17
"A1lo",15,0,1,16
"Arınç ÜNAL",16,0,0,16
"Kebin Liu",12,0,4,16
"Marcus Hsu",16,0,0,16
"Zhiqing.Rui",0,0,16,16
"qinyuhang",0,6,10,16
"xymopen",0,0,16,16
"寧靜",3,0,13,16
"破娃酱",0,0,16,16
"chunyunghsu",15,0,0,15
"lucus",0,0,15,15
"Akatsuki",0,0,14,14
"Ariselia",0,0,14,14
"Darhwa",0,0,14,14
"LiJingqing",0,0,14,14
"Rayson zhu",0,0,14,14
"Simon Shi",2,0,12,14
"babarosaM33",0,0,14,14
"dev4u",14,0,0,14
"gadflysu",0,0,14,14
"hanazaki_05",0,0,14,14
"ilouis",0,0,14,14
"q158073378252010",0,0,14,14
"unknowndev233",0,0,14,14
"wevsty",3,0,11,14
"GYT-THINKPAD",13,0,0,13
"Timothy Qiu",0,0,13,13
"VampireSH",0,0,13,13
"Wuxiang",0,0,13,13
"cyber386",5,0,8,13
"oweid",13,0,0,13
"weaving118",0,0,13,13
"Bo He",12,0,0,12
"Claire Raymond",0,12,0,12
"John",11,0,1,12
"Stzx",0,0,12,12
"TripleA",12,0,0,12
"kirikira",0,0,12,12
"mzz",4,0,8,12
"wener",0,0,12,12
"DDoSolitary",1,0,10,11
"HynoR",11,0,0,11
"Jebbs",2,0,9,11
"KiriKira",0,0,11,11
"Kuku",11,0,0,11
"Stanley",0,0,11,11
"Steven Tang",11,0,0,11
"V2Fly Team",0,0,11,11
"Yu Hao",0,0,11,11
"librehat",0,11,0,11
"lxhao61",0,0,11,11
"sixg0000d",3,0,8,11
"tritu",1,0,10,11
"wzxjohn",0,10,1,11
"8DxFPT",0,0,10,10
"Anonymous-Someneese",0,0,10,10
"Chen Shaoju",1,4,5,10
"Daniel",0,0,10,10
"FDUZS",10,0,0,10
"Meow",10,0,0,10
"Noisyfox",0,1,9,10
"Parasomnia",1,0,9,10
"Pavel-Boyazov",10,0,0,10
"Rayson Zhu",0,0,10,10
"V2Ray Dev",0,10,0,10
"ayanamist",1,7,2,10
"fengguowudi",10,0,0,10
"hanazaki05",0,0,10,10
"ideal",0,0,10,10
"kallydev",2,0,8,10
"kovacs",10,0,0,10
"tooadstool",10,0,0,10
"whyou",0,0,10,10
"xkww3n",10,0,0,10
"Ali",9,0,0,9
"JimmyHuang454",9,0,0,9
"Junjie Yuan",0,0,9,9
"LNDDYL",0,2,7,9
"Linus Färnstrand",0,0,9,9
"Lucas Liu",0,9,0,9
"Rainux Luo",0,0,9,9
"Sah",0,1,8,9
"ajiou",0,0,9,9
"alireza x5",9,0,0,9
"dlccontributor",0,0,9,9
"ghost",0,0,9,9
"imnotpopo",0,0,9,9
"lifetyper",9,0,0,9
"lucifer",0,0,9,9
"mzz2017",1,0,8,9
"startgenshin",9,0,0,9
"Arthur Lee",0,0,8,8
"HKLCF",0,0,8,8
"JimmyHuang",8,0,0,8
"Lake Chan",8,0,0,8
"Long March 5",7,0,1,8
"Meitian Huang",0,7,1,8
"VXTLS",8,0,0,8
"Vladimir Olteanu",0,0,8,8
"Ye Zhihao",4,0,4,8
"boypt",0,0,8,8
"chentao",0,8,0,8
"demarcush",8,0,0,8
"ingria",8,0,0,8
"keepalivesrc",0,0,8,8
"lrinQVQ",0,0,8,8
"mashiro-best",0,0,8,8
"mengskysama",0,8,0,8
"pexcn",0,0,8,8
"t123yh",0,0,8,8
"wuxiangzhou2010",0,0,8,8
"xiagw",0,0,8,8
"Arthur-Lee",0,0,7,7
"Chinsyo",0,0,7,7
"DY",7,0,0,7
"Damir Ainullin",0,0,7,7
"Huang-Huang Bao",6,0,1,7
"Isaac Nickaein",7,0,0,7
"StudentEx",0,0,7,7
"Vicent Tsai",0,0,7,7
"Vinna",0,7,0,7
"Y0ba",7,0,0,7
"Yale Woo",0,0,7,7
"comwrg",0,0,7,7
"eric",0,0,7,7
"iseki",2,0,5,7
"onlymash",0,0,7,7
"randomghast",7,0,0,7
"root",0,2,5,7
"rurirei",4,0,3,7
"yk271",7,0,0,7
"крысавдоме",7,0,0,7
"タイムライン",7,0,0,7
"秦宇航",0,0,7,7
"Agioi Theodoroi",0,0,6,6
"COCO",0,0,6,6
"CalmLong",0,0,6,6
"Daneel Olivaw",0,0,6,6
"Eleven Lee",6,0,0,6
"Glucy2",6,0,0,6
"Keikhosrow HN",6,0,0,6
"Ken",0,0,6,6
"KevinZonda",0,0,6,6
"Nakorn",6,0,0,6
"PragmaTwice",0,0,6,6
"Raif Atef",0,0,6,6
"SAPikachu",0,0,6,6
"Scott",0,0,6,6
"TheWanderingCoel",0,0,6,6
"TiTAN-mu",6,0,0,6
"User53464563",6,0,0,6
"ValdikSS",6,0,0,6
"Valture",0,0,6,6
"Whalko",5,0,1,6
"XGFan",6,0,0,6
"Yifei0727",0,0,6,6
"Yuxiang Zhu",0,0,6,6
"adoot",0,6,0,6
"cancanneednews",6,0,0,6
"edsgerlin",0,0,6,6
"him007",6,0,0,6
"kkocdko",6,0,0,6
"maskedeken",0,0,6,6
"mayampi01",6,0,0,6
"mubiale",0,0,6,6
"tnextday",0,0,6,6
"tzwjkl",0,0,6,6
"wuxiang",0,0,6,6
"竹林里有冰",6,0,0,6
"Alex",4,0,1,5
"Blaok",0,5,0,5
"ChienLo",5,0,0,5
"CicoZhang",0,0,5,5
"David Lönnhager",5,0,0,5
"Gilles Depeyrot",5,0,0,5
"Haoshen Zhong",0,0,5,5
"Haoyu Qiu",0,0,5,5
"Harald Nordgren",0,0,5,5
"HystericalDragon",5,0,0,5
"Leroy.H.Y",0,0,5,5
"MicroXina",5,0,0,5
"MuenYu",0,0,5,5
"RnEric",5,0,0,5
"Teddysun",0,0,5,5
"Tian Yunhao",0,0,5,5
"Xiandong",0,0,5,5
"Yifu Yu",0,4,1,5
"ahmadali shafiee",0,0,5,5
"anonymous-contributor",0,2,3,5
"astrataro",0,0,5,5
"everyx",0,5,0,5
"glyme",0,5,0,5
"hfung",0,0,5,5
"hwchan",0,0,5,5
"lucus lee",0,0,5,5
"rand0mgh0st",5,0,0,5
"rp-hello",5,0,0,5
"simplerick-simplefun",5,0,0,5
"sxyoxygen",0,0,5,5
"unknown",5,0,0,5
"vndroid",5,0,0,5
"wzhy90",0,5,0,5
"xfun0",5,0,0,5
"yjd",0,3,2,5
"zfl9",0,0,5,5
"秋野かえで",5,0,0,5
"Allo",4,0,0,4
"Burgess-T",4,0,0,4
"Charles",0,4,0,4
"Chien Lo",4,0,0,4
"Ciel Zhao",0,0,4,4
"CloseHandle",4,0,0,4
"Cwek",1,0,3,4
"DarthVader",0,0,4,4
"Deng Yang",4,0,0,4
"Di Weng",0,0,4,4
"Divenire",1,0,3,4
"Freeman",0,0,4,4
"GEM7",0,0,4,4
"Gong Zhang",0,0,4,4
"Hanwei Jin",4,0,0,4
"Hardrain980",0,0,4,4
"HeyBroWhatsUp",4,0,0,4
"Igor Fedorov",4,0,0,4
"Iskander Sharipov",0,0,4,4
"JWwz3d",4,0,0,4
"Jia",0,0,4,4
"Julien Schmidt",0,0,4,4
"Kevin2Law",0,0,4,4
"KingsFourze",4,0,0,4
"Kiri",0,0,4,4
"KrazyIvan",0,4,0,4
"LunarShaddow",0,0,4,4
"Misaki Kasumi",4,0,0,4
"MoetaYuko",4,0,0,4
"Nobel",0,0,4,4
"Not Sure",0,0,4,4
"Paizhuo.Chen",0,0,4,4
"Qv2ray Bot",0,0,4,4
"QwQ",0,0,4,4
"Rio",0,0,4,4
"RiverMud",4,0,0,4
"Simon Schürrle",0,0,4,4
"StarryVoid",0,0,4,4
"Vixb",0,0,4,4
"Wasteland Ranger",4,0,0,4
"Xeon Xu",0,4,0,4
"Yazhong Liu",0,4,0,4
"YuSaki丶Kanade",4,0,0,4
"ZQ.Rui",0,0,4,4
"Zhaofeng Li",0,4,0,4
"anonymous",0,0,4,4
"banricho",0,0,4,4
"bososha",0,0,4,4
"charles",4,0,0,4
"crvv",0,4,0,4
"defia",0,4,0,4
"dylanchu",0,0,4,4
"fcying",0,0,4,4
"hdid",0,3,1,4
"helinb",0,4,0,4
"jwstaceyOvO",4,0,0,4
"lcdtyph",0,0,4,4
"lk29",4,0,0,4
"mkmark",4,0,0,4
"neatgz",0,0,4,4
"nullptr",0,0,4,4
"ocformula",4,0,0,4
"phlinhng",1,0,3,4
"pover0k",4,0,0,4
"pulsarice",4,0,0,4
"ricuhkaen",0,0,4,4
"ryuunosankan",0,0,4,4
"sdjdd",0,0,4,4
"spyophobia",3,0,1,4
"stickh",0,0,4,4
"tleydxdy",0,0,4,4
"wuxiaolong",0,0,4,4
"xchacha20-poly1305",4,0,0,4
"y0umu",0,0,4,4
"yubanmeiqin9048",4,0,0,4
"yueisme",4,0,0,4
"yyxida",0,0,4,4
"zhou0",0,0,4,4
"汪心禾",0,0,4,4
"风扇滑翔翼",4,0,0,4
"57a4c324e742",3,0,0,3
"Aleksandr Krotov",3,0,0,3
"Andreas Auernhammer",0,2,1,3
"BennyYip",0,0,3,3
"Bhoppi Chaw",2,0,1,3
"Bill Zhong",2,0,1,3
"ChellyL",3,0,0,3
"Chiya",0,0,3,3
"Cokebar Chi",0,0,3,3
"Daniel Lavrushin",3,0,0,3
"Eric Fu",0,0,3,3
"FH0",0,0,3,3
"Fabrice Fontaine",1,0,2,3
"Feng Yu",0,0,3,3
"Gabriel",2,0,1,3
"GhostFlying",0,1,2,3
"Han Chen",0,3,0,3
"Haozhe Xie",0,0,3,3
"Haruue Icymoon (usamimi-wsl)",3,0,0,3
"Ilya",0,3,0,3
"Jack Vincent",0,0,3,3
"Jamis Hoo",0,0,3,3
"John Hu",0,0,3,3
"JohnnySun",0,3,0,3
"Joshua Lund",0,3,0,3
"Kevin S",0,0,3,3
"Kevin Sanchez",0,0,3,3
"Kirill Motkov",0,0,3,3
"Li",0,0,3,3
"Lomik_XP",3,0,0,3
"Lsyx-Good",3,0,0,3
"Max Witten",0,0,3,3
"Maxim Galaganov",3,0,0,3
"Moe Poi ~",0,0,3,3
"Morlay",0,0,3,3
"OnqiauJliu",3,0,0,3
"Paul Joey Clark",0,0,3,3
"Prajwal Koirala",2,0,1,3
"Ptomerty",0,0,3,3
"RK",0,0,3,3
"Rallets",0,0,3,3
"Rammiah",3,0,0,3
"ReadmeCritic",0,3,0,3
"Register",0,0,3,3
"Rizwan",0,0,3,3
"Roman",3,0,0,3
"Sah Lee",0,0,3,3
"Sebastien DUPONCHEEL",0,0,3,3
"Shuai Zheng",3,0,0,3
"Silence Tai",0,0,3,3
"Snorlax",3,0,0,3
"TGSAN",0,0,3,3
"TnZzZHlp",3,0,0,3
"UICalculus",3,0,0,3
"Unknown",0,0,3,3
"V.E.O",0,0,3,3
"Xingyu Chen",0,1,2,3
"YandereAcg",0,0,3,3
"Yaspee",0,0,3,3
"Yicheng",0,3,0,3
"Yifeng (Ethan) Zou",0,0,3,3
"Yu Lu",0,3,0,3
"Yuwei Ba",3,0,0,3
"Zou Yong",0,0,3,3
"aipsel",0,3,0,3
"arthur",0,0,3,3
"bestv",0,0,3,3
"chenxiaoqino",0,3,0,3
"chshouyu",3,0,0,3
"cuckoo",0,2,1,3
"foreversam",3,0,0,3
"genzj",0,3,0,3
"hanwei",3,0,0,3
"hiddenSharp429",3,0,0,3
"honwen",1,0,2,3
"kabegoe",3,0,0,3
"karelrooted",3,0,0,3
"kookxiang",0,3,0,3
"ksqsf",0,0,3,3
"kunish",3,0,0,3
"lack006",0,0,3,3
"letsky192",3,0,0,3
"liuguoxu",0,0,3,3
"lixingcong",0,0,3,3
"moetayuko",3,0,0,3
"netcookies",0,3,0,3
"netroby",0,0,3,3
"oppressor1761",3,0,0,3
"ownhere",0,3,0,3
"pathC",3,0,0,3
"qifeng2233",3,0,0,3
"quininer",0,0,3,3
"quininer kel",0,0,3,3
"rampageX",0,1,2,3
"sHANJI",0,0,3,3
"shadowsocks69420",3,0,0,3
"sin_sin",0,3,0,3
"slurin",0,0,3,3
"ssoxer",0,0,3,3
"sunsysjp",0,0,3,3
"tlhc",0,3,0,3
"touamano",1,0,2,3
"tyuan",0,0,3,3
"was4444",0,0,3,3
"wwqgtxx",0,0,3,3
"xiazuojie",3,0,0,3
"xqdoo00o",0,0,3,3
"xuebaxi",0,0,3,3
"yanue",0,0,3,3
"yfw918",3,0,0,3
"young-zy",1,0,2,3
"zyzh0",3,0,0,3
"朱聖黎 (Zhu Sheng Li)",3,0,0,3
"柊 ゆり子",0,0,3,3
"王晨",0,0,3,3
"瓜瓜吖",3,0,0,3
"第七詝",3,0,0,3
"10people",0,2,0,2
"1sixth",2,0,0,2
"233abc",0,0,2,2
"52comfortable",2,0,0,2
"699ebe23",0,0,2,2
"ASUS laptop",0,0,2,2
"Abel Luck",0,0,2,2
"Alion",0,0,2,2
"Araragi Hokuto",0,0,2,2
"Asynchronous Interruption #0",0,1,1,2
"Aubrey Yang",2,0,0,2
"Baiyi ""Patrick"" Liao",0,0,2,2
"Billy Fu",2,0,0,2
"Bin Cheng",0,0,2,2
"Bohan Yang",0,0,2,2
"Bono Lv",2,0,0,2
"Bruce Wayne",0,0,2,2
"Buddha",2,0,0,2
"Chen Lei",0,1,1,2
"Chion Tang",0,2,0,2
"Chuei Kan",2,0,0,2
"CodeLingo Bot",0,0,2,2
"DMyachin",2,0,0,2
"DUPONCHEEL Sébastien",0,0,2,2
"Datong Sun",0,2,0,2
"Dean",2,0,0,2
"Dean Li",2,0,0,2
"DeepChirp",2,0,0,2
"Deleted User",0,0,2,2
"Dev54",2,0,0,2
"Dheminsgi",0,2,0,2
"Dijkstra",0,0,2,2
"EHfive",0,0,2,2
"Emerald-Z-Hy",2,0,0,2
"Eva Kane",0,1,1,2
"Evan Ren",0,0,2,2
"GHM",2,0,0,2
"Gondnat",0,0,2,2
"H2NCH2COOH",0,2,0,2
"HYec",0,0,2,2
"Hanqing",0,0,2,2
"Hao0920",2,0,0,2
"Hauke Mehrtens",0,0,2,2
"Heiybb",0,0,2,2
"Hirbod Behnam",0,0,2,2
"Hork",2,0,0,2
"Hyy2001X",2,0,0,2
"IbarakiKasen",0,0,2,2
"Icarus Radio",0,0,2,2
"Isaac",0,0,2,2
"JH2628",0,0,2,2
"JS Deck",0,0,2,2
"JacobChang",2,0,0,2
"Jason.li",0,0,2,2
"Jenkins CI Bot",0,2,0,2
"Jerry",0,0,2,2
"Ji Ma",2,0,0,2
"Jiew-KueJwiaeng",2,0,0,2
"Jinjing Wang",0,2,0,2
"Journalist-HK",2,0,0,2
"Junfu Xiang",0,0,2,2
"K.H. Lee",0,0,2,2
"Kaede Akino",2,0,0,2
"KallyDev",2,0,0,2
"Kazetoyuki",0,0,2,2
"Kevin CHEN",0,0,2,2
"Kevin Schwifty",0,0,2,2
"Kexy Biscuit",0,0,2,2
"Kirill Fertikov",2,0,0,2
"KujouRinka",2,0,0,2
"Kyle Li",2,0,0,2
"LIZONGZE",0,0,2,2
"Lanyuue",2,0,0,2
"Leung Yau Ming",0,0,2,2
"Liu Dongmiao",2,0,0,2
"Liu Qishuai",0,2,0,2
"Liu VRan",0,2,0,2
"Lonnie Liu",0,0,2,2
"Love4Taylor",0,0,2,2
"Machtergreifung",2,0,0,2
"Malik Al",2,0,0,2
"Max Prokhorov",0,0,2,2
"Micro Xina",2,0,0,2
"Mingye Wang",0,1,1,2
"Misanalia",2,0,0,2
"Mohammad Abolnejadian",2,0,0,2
"Moody",2,0,0,2
"Mozi",0,0,2,2
"Myoufer",2,0,0,2
"N1klaz",2,0,0,2
"NNdroid",2,0,0,2
"NeverBehave",2,0,0,2
"NextAbyss",2,0,0,2
"NicoNode Official",0,0,2,2
"Noisyfox He",0,2,0,2
"Nomad Chen",2,0,0,2
"NowICFire",2,0,0,2
"OpportunityLiu",0,0,2,2
"Ovear",2,0,0,2
"Passer",0,0,2,2
"Patrick Li",0,1,1,2
"Patrick Robertson",0,2,0,2
"Qusic",2,0,0,2
"RekonChan",0,0,2,2
"Rudy Yang",0,0,2,2
"RyanHui",0,0,2,2
"SakuraSakuraSakuraChan",2,0,0,2
"Sammi Mak",2,0,0,2
"Seena Fallah",2,0,0,2
"Seronia",2,0,0,2
"Seyed Mostafa Meshkati",0,0,2,2
"SharerMax",0,0,2,2
"Sharuru",0,2,0,2
"Sherlock Holo",0,0,2,2
"ShiinaRinne",2,0,0,2
"Shun Sakai",2,0,0,2
"Sil free",2,0,0,2
"Simon Dong",0,2,0,2
"Soul Dark",0,0,2,2
"SquallATF",2,0,0,2
"Steven Huang",1,0,1,2
"TAKO",2,0,0,2
"Tatsuya Kawano",2,0,0,2
"Terry Chan",0,0,2,2
"The Gitter Badger",0,2,0,2
"Tom Ryan",2,0,0,2
"Tomasz Korzeniowski",0,2,0,2
"Tommy Jerry Mairo",0,0,2,2
"Tsanie Lily",2,0,0,2
"Tunghsiao Liu",0,1,1,2
"Ubuntu",0,0,2,2
"V2Ray Community",0,0,2,2
"Vento Valery",0,0,2,2
"Vinicius Fortuna",0,0,2,2
"Weihan Lin",0,0,2,2
"Weizhe Sun",0,0,2,2
"Wi1dcard",0,0,2,2
"Wissen XUE",0,0,2,2
"X. Jason Lyu",0,0,2,2
"Xiaoding Liu",0,0,2,2
"Xu Tianyang",0,0,2,2
"Xuesong Peng",2,0,0,2
"Yibai Meng",0,0,2,2
"Yifei Zhou",0,2,0,2
"Yingyu Cheng",0,0,2,2
"York Xiang",0,2,0,2
"Yousong Zhou",0,0,2,2
"Yt Gu",0,0,2,2
"Yushum",2,0,0,2
"Zaicheng Qi",0,2,0,2
"Zane",1,0,1,2
"Zeehan2005",2,0,0,2
"Zhang San",2,0,0,2
"Zhang Sen",0,2,0,2
"Zhang Yi",0,2,0,2
"Zhang Zhiyi",0,0,2,2
"Zhonghao Xie",0,0,2,2
"Zimo Li",2,0,0,2
"^_^void",0,0,2,2
"a-wing",0,0,2,2
"aaaaa",0,0,2,2
"alberto lalama",0,0,2,2
"andwxh",0,0,2,2
"axuan",2,0,0,2
"bafometik",2,0,0,2
"bcseputetto",2,0,0,2
"bdbai",1,0,1,2
"bjzhou1990",0,2,0,2
"bo he",0,0,2,2
"bootmortis",2,0,0,2
"canbingzt",0,2,0,2
"chika0801",2,0,0,2
"cyilin",0,0,2,2
"dd",0,0,2,2
"ddatsh",0,2,0,2
"evansan",0,0,2,2
"eycorsican",0,0,2,2
"floatingrain",0,0,2,2
"flxxyz",0,0,2,2
"flybluewolf",0,0,2,2
"flylai",0,0,2,2
"forDream",0,0,2,2
"funray",1,0,1,2
"ghv2",0,0,2,2
"gordon-zhao",0,0,2,2
"hdt",0,0,2,2
"heapops",0,0,2,2
"heimoshuiyu",2,0,0,2
"hex2tan",0,0,2,2
"honwen.chan",0,0,2,2
"hsiaoN",2,0,0,2
"ivanpodsolnuh",2,0,0,2
"jemyzhang",0,2,0,2
"johnrosen",0,0,2,2
"kev",0,2,0,2
"kirin10000",0,0,2,2
"kuoruan",0,0,2,2
"li3shiyi",0,2,0,2
"liberal-boy",0,0,2,2
"life",2,0,0,2
"lilydjwg",0,2,0,2
"lim-kim930",2,0,0,2
"liulun",0,2,0,2
"longkai",2,0,0,2
"lqs",0,0,2,2
"lrh2000",2,0,0,2
"maddie",0,0,2,2
"mcdemon05",2,0,0,2
"meowlab",0,2,0,2
"mixool",0,0,2,2
"mmx",0,0,2,2
"muzea",0,0,2,2
"mvd-ows",0,0,2,2
"mydogshitgold",2,0,0,2
"nailyk",2,0,0,2
"nasbdh9",0,0,2,2
"nb5p",2,0,0,2
"norci",2,0,0,2
"piangere",2,0,0,2
"py_qwq",2,0,0,2
"qifeng233",2,0,0,2
"riKirsti",2,0,0,2
"rickyrick2002",2,0,0,2
"shadowsocksRb",0,0,2,2
"sklimoff",2,0,0,2
"stormynoct",2,0,0,2
"sxnpu",2,0,0,2
"tdjnodj",2,0,0,2
"test",0,0,2,2
"tim-le",0,1,1,2
"twisted",0,0,2,2
"unknowndevQwQ",2,0,0,2
"woodylan",0,0,2,2
"wuxiangzhou",0,0,2,2
"xmapst",2,0,0,2
"xnor",0,0,2,2
"yiitz",2,0,0,2
"ysakura99",2,0,0,2
"yuanmomo",0,0,2,2
"yvvw",2,0,0,2
"zhuobixin",0,0,2,2
"zouquan741",0,0,2,2
"zw0",0,0,2,2
"zzc10086",0,0,2,2
"勤",0,0,2,2
"南浦月",0,2,0,2
"原俊杰",2,0,0,2
"惠轶群",0,2,0,2
"星野ハジメ",0,0,2,2
"汐殇",2,0,0,2
"珐琅彩山水佩奇童车游春马蹄杯",0,0,2,2
"谭九鼎",0,0,2,2
"金黎明",0,2,0,2
"1054009064",1,0,0,1
"12bbf7608ae1",0,0,1,1
"1TuJl",1,0,0,1
"1ocalhost",1,0,0,1
"233boy",0,0,1,1
"2379155998",0,0,1,1
"6r0k",0,0,1,1
"AHOHNMYC",0,0,1,1
"ARwMq9b6",0,0,1,1
"ATErBion",1,0,0,1
"Aaron LI",0,0,1,1
"Ahmad Karimi",1,0,0,1
"Akio",1,0,0,1
"Alex Ratner",1,0,0,1
"Alexander Azarov",1,0,0,1
"Alexandre ABRIOUX",1,0,0,1
"Alfred Chow",1,0,0,1
"Ali Molaei",1,0,0,1
"Ali Razmdideh",1,0,0,1
"Alonzo Liu",0,0,1,1
"Amin Vakil",1,0,0,1
"Amir Hossein Fattahi",1,0,0,1
"Amirali",1,0,0,1
"Analyser",0,0,1,1
"André Ribas",1,0,0,1
"Andy Mayochan",1,0,0,1
"Anton Bobov",1,0,0,1
"Arjun Dhamrait",0,0,1,1
"Artem D.",1,0,0,1
"Artem Kochnev",0,0,1,1
"Arthur Morgan",0,0,1,1
"Athurg Gooth",0,1,0,1
"Aven",1,0,0,1
"BOYPT",0,0,1,1
"Bao, Huang-Huang",1,0,0,1
"Barry Xu",1,0,0,1
"BenYip",0,0,1,1
"Benyamin Jafari",1,0,0,1
"Bernd Eichelberger",1,0,0,1
"Beta Soft",0,0,1,1
"Bigtan",0,1,0,1
"Billy Yang",1,0,0,1
"BirthCat",1,0,0,1
"BlackFoxSAR",0,0,1,1
"Blackteahamburger",1,0,0,1
"Bobby",1,0,0,1
"Bran Liang",1,0,0,1
"Brian Ma",1,0,0,1
"BroncoTc",0,1,0,1
"C.S",0,1,0,1
"CGDF",0,0,1,1
"CanonNi",1,0,0,1
"Carrot3628",1,0,0,1
"Catherine Caramel",1,0,0,1
"Chai Feng",1,0,0,1
"ChangeYuan",1,0,0,1
"Charles Kane",0,1,0,1
"Chen Mulong",0,1,0,1
"Cheng Zhen",0,0,1,1
"ChienHo",1,0,0,1
"Chikage0o0",1,0,0,1
"Christopher Meng",0,1,0,1
"Chuangbo Li",1,0,0,1
"ChunFeng",0,1,0,1
"Ckrvxr",1,0,0,1
"ClaytonKnittel",1,0,0,1
"Clement Wong",0,0,1,1
"Codacy Badger",0,0,1,1
"CodeSheng",0,0,1,1
"CoderYellow",0,0,1,1
"Colin Watson",0,0,1,1
"Collide3796",1,0,0,1
"Consus",1,0,0,1
"Copyright³",0,0,1,1
"Cream Crumpets",0,0,1,1
"Cubarco",1,0,0,1
"Dachtire",0,0,1,1
"Daniel McCarney",0,0,1,1
"Daniel.Zeng",0,1,0,1
"Danzan",1,0,0,1
"Dariush Alipour",0,0,1,1
"David",0,1,0,1
"David Korczynski",1,0,0,1
"David Osztertag",0,0,1,1
"David Wilson",0,0,1,1
"David Wong",1,0,0,1
"David Zhang",0,0,1,1
"DearTanker",1,0,0,1
"Dig Para",0,0,1,1
"Dmitry Afanasiev",1,0,0,1
"Dmitry Sukhodoyev",1,0,0,1
"Dnomd343",1,0,0,1
"Donghyeok Tak",0,0,1,1
"Dr-Bluemond",0,0,1,1
"DustinWin",1,0,0,1
"EasyMoney322",1,0,0,1
"Echizen Ryoma",0,1,0,1
"Ed Asriyan",1,0,0,1
"Edsger Lin",0,1,0,1
"Edwin-Kevin",1,0,0,1
"Egor",1,0,0,1
"ElTopo",0,0,1,1
"Eli Skeggs",1,0,0,1
"Elserjo",1,0,0,1
"Elune Adore",1,0,0,1
"Elvis Wang",0,0,1,1
"Emils",1,0,0,1
"EnabledFish",1,0,0,1
"Enex Slurin",0,0,1,1
"Error996",1,0,0,1
"Ertem Biyik",1,0,0,1
"EvanLiu",1,0,0,1
"F Feng",0,0,1,1
"F1orenxe",1,0,0,1
"FantasqueX",1,0,0,1
"FbiGun Deo",0,0,1,1
"Feifei Tian",1,0,0,1
"Feng Ye",0,0,1,1
"FlenderrAX",1,0,0,1
"FlyingheartCN",0,0,1,1
"Fndroid",0,0,1,1
"GVerso",1,0,0,1
"Gao Chun",0,1,0,1
"Gino Zhao",0,0,1,1
"GitLaboratory",0,0,1,1
"Goooler",0,0,1,1
"GoriGorgeSency",0,0,1,1
"GreyFlorence",1,0,0,1
"Guizai",0,1,0,1
"Guō Xīng",0,0,1,1
"Gyt.surface",0,0,1,1
"Gyteng",0,1,0,1
"H1",1,0,0,1
"Hack Jacob",1,0,0,1
"Hades001",1,0,0,1
"HalfLife",0,0,1,1
"Han Chengyu",1,0,0,1
"Hanabishi",1,0,0,1
"Hang",0,0,1,1
"Hanqing Wong",0,0,1,1
"Hao",0,0,1,1
"Hellojack",1,0,0,1
"Henry Chen",1,0,0,1
"Hexcles Ma",0,1,0,1
"Hillwood Yang",1,0,0,1
"Hirbod",0,0,1,1
"Hotaru Oyng",1,0,0,1
"Howard Liu",0,0,1,1
"Howard Wu",1,0,0,1
"Hsing-Wang Liao",0,0,1,1
"Hu3rror",1,0,0,1
"Hubedge",1,0,0,1
"Hugh Wang",0,1,0,1
"Hugo7650",1,0,0,1
"Ice Cream",0,0,1,1
"Igor Egorov",1,0,0,1
"Integral",1,0,0,1
"Ivan Brunei",1,0,0,1
"Ivan Kopylov",1,0,0,1
"Jachin",1,0,0,1
"Jackson Ming Hu",0,1,0,1
"Jacob Zuo",0,0,1,1
"James Larrowe",0,0,1,1
"Janet Baker",1,0,0,1
"Jarao",1,0,0,1
"Jared Hillier",0,0,1,1
"Jared Pyzynski",0,0,1,1
"Jason Cooke",0,0,1,1
"Jason Shaw",1,0,0,1
"Jat",0,0,1,1
"Jeff Tsang",0,0,1,1
"Jeffrey Zhang",0,1,0,1
"Jennal",1,0,0,1
"Jennifer Luu",1,0,0,1
"Jesse",0,1,0,1
"Jiangzhuo",0,0,1,1
"Jibon L. Costa",0,0,1,1
"Jiewei Qian",0,0,1,1
"Jimages",0,1,0,1
"JimhHan",0,0,1,1
"Joey Korkames",0,1,0,1
"John Deng",0,1,0,1
"JohnZhang1810",1,0,0,1
"Jonas Gao",0,0,1,1
"Jonker Fan",0,0,1,1
"Jorge Alberto Díaz Orozco (Akiel)",1,0,0,1
"Joshua Abraham",1,0,0,1
"Julia",1,0,0,1
"Julian Liu",1,0,0,1
"Jun Liu",0,1,0,1
"Justin W Smith",1,0,0,1
"Jwiet-Puj Drin | 姚妫颍",1,0,0,1
"Kaguya",0,1,0,1
"Kaiyuan Li",1,0,0,1
"Karl Palsson",0,0,1,1
"Kasefuchs",1,0,0,1
"Kery",0,1,0,1
"Kery Wu",0,1,0,1
"Khaled Hassan",0,0,1,1
"Kieran Kihn",1,0,0,1
"Koen",1,0,0,1
"KrazyIvan-",0,1,0,1
"Kripto",1,0,0,1
"Kursat Aktas",1,0,0,1
"Ky0n",0,0,1,1
"LI",0,0,1,1
"Lei LI",1,0,0,1
"Leo Ma",0,0,1,1
"Leonard Li",0,1,0,1
"Lev Lunev",1,0,0,1
"Li Chuangbo",1,0,0,1
"Li Xiaobin",1,0,0,1
"Liberal Boy",0,0,1,1
"Liming Jin",0,0,1,1
"Liu DongMiao",0,0,1,1
"Loki Wang",1,0,0,1
"Lozen Liu",0,1,0,1
"Lu jicong",1,0,0,1
"Lucas BEE",0,0,1,1
"Lucien",0,0,1,1
"Lumière Élevé",1,0,0,1
"Luo Chen",1,0,0,1
"LuoDian",1,0,0,1
"Ma30",1,0,0,1
"Mabisi",1,0,0,1
"MachX",0,0,1,1
"Magnus Kroken",0,0,1,1
"Makise Emori",1,0,0,1
"MapleRecall",1,0,0,1
"Mapleshade",1,0,0,1
"Marek Küthe",1,0,0,1
"Mark Ma",1,0,0,1
"Markson Hon",1,0,0,1
"Markus Pettersson",1,0,0,1
"Martin Wetterwald",0,0,1,1
"Mass Carl",0,0,1,1
"Max Mok",0,1,0,1
"Max lv",0,1,0,1
"Max yv",0,0,1,1
"Maxim Shpak",0,0,1,1
"Mcl",0,0,1,1
"Meo597",1,0,0,1
"Merrkry",1,0,0,1
"MetaSquared",1,0,0,1
"Michael",1,0,0,1
"Michael Nelson",0,0,1,1
"Michael Shi",0,0,1,1
"Mike Borsetti",1,0,0,1
"Miki-Kagurazaka",0,0,1,1
"Ming, Bai",0,1,0,1
"Misaka No",1,0,0,1
"MisakaCloud",1,0,0,1
"Mitchell",1,0,0,1
"Mix",1,0,0,1
"MohamadAli",1,0,0,1
"Mohammad Fatemi",1,0,0,1
"Mohammad M. Saffari",0,0,1,1
"Mohammad Zare Moghadam",1,0,0,1
"MohammadKhalaj",1,0,0,1
"Monata Trisha",0,0,1,1
"Mr114",1,0,0,1
"Murtaza S Vhora",1,0,0,1
"Myuki",0,0,1,1
"NDI3-MDAx",1,0,0,1
"NaLan ZeYu",1,0,0,1
"NanaLich",0,1,0,1
"Nano",1,0,0,1
"Navid",1,0,0,1
"Neal Feng",0,0,1,1
"Neo Zhuo",0,0,1,1
"Nerekihs",0,0,1,1
"NiGuLa4",1,0,0,1
"Nicholas",1,0,0,1
"Nick Cao",1,0,0,1
"NimaQu",1,0,0,1
"Ninedyz",0,0,1,1
"Niu Tengyu",0,1,0,1
"Nobody",0,0,1,1
"Nya Meteor",1,0,0,1
"OPPO9008",1,0,0,1
"OurebiKitsu",1,0,0,1
"Page Fault",0,0,1,1
"Pang Linbin",0,0,1,1
"PaperPlaneDeemo",1,0,0,1
"Parham Alvani",1,0,0,1
"Paul ""Joey"" Clark",1,0,0,1
"Paul Meyer",1,0,0,1
"PctAIGM",1,0,0,1
"Pentiumluyu",0,1,0,1
"PhoenixEmik",1,0,0,1
"Piangere Liu",1,0,0,1
"PikachuHy",0,0,1,1
"Pink Floyd",0,1,0,1
"Pooya Parsa",0,0,1,1
"Poscat",1,0,0,1
"Poussinou",0,0,1,1
"Punk",0,0,1,1
"RAX7",1,0,0,1
"RGZK",1,0,0,1
"RJ Trujillo",0,0,1,1
"RS0485",1,0,0,1
"Rajan",0,0,1,1
"Randolf Richardson 張文道",1,0,0,1
"RealHirn",1,0,0,1
"Rei0",1,0,0,1
"Reker",0,0,1,1
"Reorx",0,1,0,1
"ResRipper",1,0,0,1
"Reza",1,0,0,1
"Rick Lei",0,0,1,1
"Rinka",1,0,0,1
"Robert LU",1,0,0,1
"Robot5",1,0,0,1
"Rolf Kristensen",0,0,1,1
"Ronnie Ren",0,0,1,1
"Runchao Han",0,0,1,1
"Ruqi",0,0,1,1
"Ryan @archi",1,0,0,1
"RyanWang",1,0,0,1
"Ryazanov Alexander Mihailovich",1,0,0,1
"SChenga",1,0,0,1
"SUIFENG",1,0,0,1
"SYQ",1,0,0,1
"Sagerri",0,0,1,1
"Sah (esaalii)",0,0,1,1
"Sam Chen",0,1,0,1
"SamHurwitz",0,0,1,1
"Samuel X. S. Tseng",0,0,1,1
"Sandtears",0,1,0,1
"Secbone",0,0,1,1
"Secretary of the Interior, Not Sure",1,0,0,1
"Seia-Soto",0,0,1,1
"Semyon Saprykin",1,0,0,1
"Sen",0,1,0,1
"Sentsuki",1,0,0,1
"Shahin Sorkh",1,0,0,1
"Sharm",1,0,0,1
"Shawn",0,0,1,1
"Sheng",0,0,1,1
"Shiina Mashiro",0,0,1,1
"Shin Kojima",0,0,1,1
"ShrdBB",1,0,0,1
"Shriraj Hegde",1,0,0,1
"Shuai Lin",0,1,0,1
"Shuhai Shen",0,0,1,1
"SilverDragon",1,0,0,1
"Simon Lelievre",0,0,1,1
"Sion Kazama",0,0,1,1
"Siteleaf",0,1,0,1
"Siuzuk Zan",0,1,0,1
"Siyuan Ren",1,0,0,1
"Skyxim",1,0,0,1
"Sleepstars",1,0,0,1
"Smalllemon",1,0,0,1
"Sorochan Ilya",1,0,0,1
"Sui",0,1,0,1
"Suilong Liang",0,0,1,1
"Sun Wuan",0,0,1,1
"Suyunmeng",1,0,0,1
"TAMAKO",1,0,0,1
"TLSAES256GCMSHA384",1,0,0,1
"TacoTheDank",0,0,1,1
"Taiki Endo",0,0,1,1
"TanNang",0,0,1,1
"TheGodEmperor1",1,0,0,1
"Thomas Frössman",0,1,0,1
"Thomas Heil",0,0,1,1
"Tianling Shen",0,0,1,1
"Tim Qi",0,0,1,1
"Tim Zhang",0,1,0,1
"Tony Lian",0,0,1,1
"Travel2Here",1,0,0,1
"Trevor Wong",1,0,0,1
"Tristan Schmelcher",1,0,0,1
"Trịnh Văn Lợi",1,0,0,1
"VYSE V.E.O",0,0,1,1
"Valeriy Manzhos",1,0,0,1
"Vesa Vilhonen",1,0,0,1
"Viktor Oreshkin",1,0,0,1
"Vincent",0,0,1,1
"Vincent Lau",1,0,0,1
"Vinjn Zhang",0,1,0,1
"Vladislav Tupikin",1,0,0,1
"Vladislav Yaroslavlev",1,0,0,1
"WANG Zhenhua",0,1,0,1
"WHR",0,0,1,1
"Wang Xiang",1,0,0,1
"WangXinXin",0,1,0,1
"Wei Hao",0,0,1,1
"Weltolk",1,0,0,1
"WenX",0,1,0,1
"Wensheng Tang",0,1,0,1
"Wenxuan Zhao",0,1,0,1
"Windendless",0,0,1,1
"WoaShieShei",1,0,0,1
"WordsWorthLess",1,0,0,1
"XOR-op",1,0,0,1
"Xia Wanxu",1,0,0,1
"XiaShali",0,0,1,1
"Xiangkun Liu",1,0,0,1
"Xiaodu",0,1,0,1
"Xie Jay",0,0,1,1
"Xingwang Liao",0,0,1,1
"Xingyu C",0,0,1,1
"Xuan (Sean) Hu",1,0,0,1
"Xue Fuqiao",0,1,0,1
"Xuesong",1,0,0,1
"Yangself",1,0,0,1
"Ycircle",1,0,0,1
"Yegor Ievlev",0,0,1,1
"YiGuo",1,0,0,1
"Yizhe Wang",1,0,0,1
"Yongmin",1,0,0,1
"Yorick Terweijden",0,0,1,1
"YuBin Wang",1,0,0,1
"Yuan Xu",1,0,0,1
"Yulingfei Li",1,0,0,1
"YumeMichi",0,1,0,1
"Yusum",1,0,0,1
"Yves",1,0,0,1
"Z4thrun",1,0,0,1
"ZCchann",1,0,0,1
"ZYM",1,0,0,1
"Zch",0,0,1,1
"Zeezorn",1,0,0,1
"Zephyrine Thompson",1,0,0,1
"Zeray Rice",0,1,0,1
"Zerogoki00",1,0,0,1
"Zhang Chao",0,1,0,1
"Zheng Kai",0,0,1,1
"Zhengjun Zhang",0,0,1,1
"Zhi Shu Hu",1,0,0,1
"ZhiFeng Hu",0,0,1,1
"Zhihsian Que",1,0,0,1
"Zhiyi Zhang",0,0,1,1
"Zhong Lufan (钟路帆)",1,0,0,1
"Zhuoer Dong",0,0,1,1
"Zhuoyun Wei",0,0,1,1
"Zichuan Ma",0,0,1,1
"Zirnc",1,0,0,1
"_ksco",1,0,0,1
"a052",1,0,0,1
"abner_bob",0,0,1,1
"ahxxm",0,1,0,1
"alalamav",0,0,1,1
"alicete",1,0,0,1
"alicewww",1,0,0,1
"alingse",1,0,0,1
"allensakari",1,0,0,1
"allkeltysss",1,0,0,1
"allo",1,0,0,1
"am009",1,0,0,1
"amin",1,0,0,1
"amphineko",0,0,1,1
"amyangfei",0,1,0,1
"anmingwei",0,0,1,1
"antmak",0,0,1,1
"asmca",0,0,1,1
"autoinfection",1,0,0,1
"badlisper",1,0,0,1
"baislsl",0,0,1,1
"bartender",1,0,0,1
"basinilya",1,0,0,1
"bdyebd",1,0,0,1
"black-desk",1,0,0,1
"bran",1,0,0,1
"buivub",1,0,0,1
"buste",1,0,0,1
"caikun233",1,0,0,1
"charlieethan",0,0,1,1
"chenen",1,0,0,1
"cky1201",0,0,1,1
"claireis",0,0,1,1
"cloudwindy",1,0,0,1
"contour",1,0,0,1
"cs17899219",0,1,0,1
"cssivision",0,0,1,1
"cubercsl",1,0,0,1
"cyber368",0,0,1,1
"d4rkblue",0,0,1,1
"dawndiy",0,0,1,1
"dcamero",0,1,0,1
"dijingkai",1,0,0,1
"draplater",0,1,0,1
"drawdrop",1,0,0,1
"dropbigfish",1,0,0,1
"ee-",0,0,1,1
"ekenchan",0,0,1,1
"evshiron",0,0,1,1
"ewrfdv",0,0,1,1
"fanck0605",0,0,1,1
"fanyiguan",1,0,0,1
"fanymagnet",1,0,0,1
"fengweiyuan",1,0,0,1
"fiepi",0,0,1,1
"fiture Wu",0,1,0,1
"flyinthe-sky",1,0,0,1
"fossabot",0,0,1,1
"ftao",0,1,0,1
"funny_fury",0,0,1,1
"fwqaaq",1,0,0,1
"fzhyzamt",0,0,1,1
"gakkurorto",0,0,1,1
"ge9",1,0,0,1
"ghosx",1,0,0,1
"ght99",1,0,0,1
"guangwu",1,0,0,1
"gyt-pc-12400",1,0,0,1
"hahsuu",1,0,0,1
"halulu",0,0,1,1
"hang",0,0,1,1
"haohaolee",0,1,0,1
"hatrasikno",0,0,1,1
"hdm9527",1,0,0,1
"hellodword",1,0,0,1
"housaiyinmamaide",1,0,0,1
"huLter",1,0,0,1
"hugozhu",0,1,0,1
"huzhifeng",0,0,1,1
"hzhex",1,0,0,1
"igor",0,0,1,1
"ihotte",1,0,0,1
"imReker",0,0,1,1
"inoblue",1,0,0,1
"ipcjs",0,0,1,1
"ipcjs-rog-ubuntu",0,0,1,1
"ir20",1,0,0,1
"ironman2047",1,0,0,1
"jebbs",1,0,0,1
"jejayhe",0,0,1,1
"jessie-backports",0,0,1,1
"jinmiaoluo",0,0,1,1
"jmh-i229587",1,0,0,1
"just1900",1,0,0,1
"kda2000",1,0,0,1
"kennwell",1,0,0,1
"kiichi",0,0,1,1
"kingofotaku",0,0,1,1
"kk",0,0,1,1
"kolat",1,0,0,1
"kouwei32",1,0,0,1
"kpcyrd",1,0,0,1
"kuangniu",0,0,1,1
"kvii",1,0,0,1
"l",1,0,0,1
"laiwahwing",1,0,0,1
"laughtale233",1,0,0,1
"ld0891",0,0,1,1
"leewis101",1,0,0,1
"letiensky",1,0,0,1
"levinandrey",1,0,0,1
"lidashuang",0,1,0,1
"lin20121221",1,0,0,1
"lingzs13",1,0,0,1
"link2xt",1,0,0,1
"linpapa",0,0,1,1
"linxiaocong",0,0,1,1
"linyf2008",0,0,1,1
"liuzhi",0,0,1,1
"liyiheng",0,0,1,1
"liyuan",0,0,1,1
"localhost",0,0,1,1
"lokisama",0,0,1,1
"lonelam",0,0,1,1
"lsyiverson",1,0,0,1
"luojianhui",0,1,0,1
"luvjoey1996",1,0,0,1
"lwintermelon",1,0,0,1
"mahc9kez",0,0,1,1
"mamirpanah",1,0,0,1
"mask",1,0,0,1
"matolv",0,0,1,1
"mbehboodian",1,0,0,1
"mesher2024",1,0,0,1
"methol",0,0,1,1
"miaosongjiang",1,0,0,1
"mingkaidox",0,1,0,1
"minvedacat",0,0,1,1
"miyon",0,0,1,1
"moshater",0,0,1,1
"mylxiaoyi",0,0,1,1
"name",1,0,0,1
"nick008a",1,0,0,1
"nidom",0,0,1,1
"nil",0,0,1,1
"nishans08",1,0,0,1
"nj9106",1,0,0,1
"notsure2",0,0,1,1
"o_O",1,0,0,1
"onplus",0,0,1,1
"oxape",0,0,1,1
"oyydd",0,0,1,1
"pagxir",0,1,0,1
"panowl",1,0,0,1
"paomian",0,0,1,1
"papadave66",0,0,1,1
"peakvision",0,0,1,1
"petermyo",1,0,0,1
"poplite",0,0,1,1
"posthumz",1,0,0,1
"povsister",1,0,0,1
"powerfullz",1,0,0,1
"puz_zle",1,0,0,1
"qinghao",0,1,0,1
"qqq-qqqq",1,0,0,1
"raidenii",1,0,0,1
"rainysia",0,0,1,1
"reSetsuNa",1,0,0,1
"realies",1,0,0,1
"remote-v2ray",0,0,1,1
"renjie45",0,0,1,1
"reus",0,1,0,1
"rickryo",0,0,1,1
"rsmnarts",1,0,0,1
"rxrv",1,0,0,1
"ryxiang",1,0,0,1
"s7lx",0,1,0,1
"sayo melu",1,0,0,1
"shadow",1,0,0,1
"shao222",0,1,0,1
"simpleandstupid",1,0,0,1
"sinlee1",1,0,0,1
"skymkmk",1,0,0,1
"slowbear",0,0,1,1
"solyn",0,0,1,1
"sommio",1,0,0,1
"spacemeowx2",1,0,0,1
"speedforce-demo",1,0,0,1
"splurge103",1,0,0,1
"stevenjohn2019",0,0,1,1
"stonenya",0,1,0,1
"suwmlee",0,1,0,1
"t0nyt4ng",0,0,1,1
"tako",1,0,0,1
"tato",0,0,1,1
"thelastfantasy",0,0,1,1
"thh1451",1,0,0,1
"time-river",1,0,0,1
"tltltltl",0,0,1,1
"tufu9441",0,0,1,1
"tylinux",1,0,0,1
"upupming",0,0,1,1
"vemneyy",1,0,0,1
"vidy",1,0,0,1
"voq",0,0,1,1
"wangling12",0,0,1,1
"wangxufire",0,0,1,1
"wdslb",1,0,0,1
"wgzeyu",0,0,1,1
"wind2008hxy",0,0,1,1
"wong2",0,1,0,1
"wyzdot",1,0,0,1
"wyzegob",0,1,0,1
"wyzhou",1,0,0,1
"wzdnzd",1,0,0,1
"xh116",0,0,1,1
"xiaobo tian",1,0,0,1
"xiaoding",0,1,0,1
"xiaohongxiedaima",1,0,0,1
"xishang0128",1,0,0,1
"xsxsmomo",1,0,0,1
"xueshuaihang",0,0,1,1
"xuminready",0,0,1,1
"yArna",1,0,0,1
"yanbook",1,0,0,1
"yaotthaha",1,0,0,1
"ydx",1,0,0,1
"yeoleobun",1,0,0,1
"yiguous",1,0,0,1
"yinyue200",1,0,0,1
"ylfzq",1,0,0,1
"ymshenyu",0,0,1,1
"your_name",0,0,1,1
"yujinqiu",0,0,1,1
"yukeiyang",1,0,0,1
"yyyhhh",0,0,1,1
"zfkun",1,0,0,1
"zhao xin",0,0,1,1
"zhijia,.zhang",0,0,1,1
"zhongl",0,1,0,1
"zhou13",0,1,0,1
"zhuzeitou",0,0,1,1
"zionfuo",1,0,0,1
"zizifn",1,0,0,1
"zonescape",1,0,0,1
"zx",0,0,1,1
"zydou",1,0,0,1
"zyppe",1,0,0,1
"zzjjbb",0,0,1,1
"zzzdong",0,0,1,1
"Роман",1,0,0,1
"∀thrun",1,0,0,1
"ちか",1,0,0,1
"ながと",0,0,1,1
"チセ",1,0,0,1
"マシュ・キリエライト",0,0,1,1
"不可描述先生",0,0,1,1
"东方有鱼名为咸",0,0,1,1
"今夕何夕",1,0,0,1
"今晚打打",1,0,0,1
"位敏",0,0,1,1
"依云",0,0,1,1
"凱文 桑切斯",0,0,1,1
"刘志龙",0,0,1,1
"向晚",0,0,1,1
"單dar 于ɦʷa",0,0,1,1
"喵星实验室",0,1,0,1
"大哥哥",0,0,1,1
"大大白",1,0,0,1
"张凯荣",1,0,0,1
"抓狂",0,0,1,1
"朱聖黎",1,0,0,1
"朱聖黎 Zhu Sheng Li",1,0,0,1
"杨磊",1,0,0,1
"漂流",0,0,1,1
"無名（夭夭六）",1,0,0,1
"特菈 Dustella",1,0,0,1
"玩牛牛",0,0,1,1
"田兵",0,0,1,1
"白井黑子",0,0,1,1
"神楽坂ニャン",0,0,1,1
"绫织梦CoronaZero",1,0,0,1
"肥喵本喵",0,0,1,1
"荒野无灯",0,1,0,1
"认真",1,0,0,1
"谢邵虎",0,0,1,1
"郑超舰",1,0,0,1
"钟晓仕",0,0,1,1
"骆言",1,0,0,1
