"year","author_name","total_count"
"2012","Chen Yufei",83
"2012","Max Lv",59
"2012","clowwindy",25
"2012","haohaolee",1
"2013","Athurg Gooth",1
"2013","Chen Yufei",136
"2013","Guizai",1
"2013","Joshua Lund",1
"2013","Linus Yang",8
"2013","Max Lv",577
"2013","Max lv",1
"2013","Patrick Li",1
"2013","Zhang Yi",2
"2013","clowwindy",34
"2013","hugozhu",1
"2013","root",1
"2013","xiaoding",1
"2014","Blaok",5
"2014","Chen Shaoju",1
"2014","Chen Yufei",14
"2014","Datong Sun",2
"2014","David",1
"2014","GhostFlying",1
"2014","Hexcles Ma",1
"2014","Jesse",1
"2014","Joshua Lund",1
"2014","Linus Yang",4
"2014","Liu Qishuai",2
"2014","Liu VRan",2
"2014","Max Lv",590
"2014","Meitian Huang",1
"2014","Sam Chen",1
"2014","Sharuru",1
"2014","Sui",1
"2014","Symeon Huang",8
"2014","Vinna",7
"2014","William Wong",2
"2014","Y. T. Chung",114
"2014","Zeray Rice",1
"2014","Zhaofeng Li",4
"2014","aa65535",1
"2014","canbingzt",2
"2014","clowwindy",235
"2014","ftao",1
"2014","hdid",3
"2014","kookxiang",3
"2014","lidashuang",1
"2014","luojianhui",1
"2014","mengskysama",2
"2014","root",1
"2014","wzxjohn",10
"2014","zhongl",1
"2014","南浦月",2
"2015","10people",2
"2015","Boyuan Yang",21
"2015","Charles",4
"2015","Chen Yufei",25
"2015","Chion Tang",2
"2015","Christopher Meng",1
"2015","ChunFeng",1
"2015","Claire Raymond",12
"2015","CzBiX",3
"2015","Daniel.Zeng",1
"2015","Darien Raymond",96
"2015","Gang Zhuo",66
"2015","Hugh Wang",1
"2015","Jackson Ming Hu",1
"2015","Jeffrey Zhang",1
"2015","Jenkins CI Bot",2
"2015","JohnnySun",3
"2015","Joshua Lund",1
"2015","Kaguya",1
"2015","Kery",1
"2015","KrazyIvan",4
"2015","KrazyIvan-",1
"2015","Leonard Li",1
"2015","Lozen Liu",1
"2015","Max Lv",602
"2015","Meitian Huang",2
"2015","Ming, Bai",1
"2015","Mygod",155
"2015","Niu Tengyu",1
"2015","Pink Floyd",1
"2015","Sah",1
"2015","Sharuru",1
"2015","Siuzuk Zan",1
"2015","Symeon Huang",16
"2015","Syrone Wong",9
"2015","The Gitter Badger",2
"2015","Thomas Frössman",1
"2015","Tunghsiao Liu",1
"2015","V2 Ray",64
"2015","V2Ray",986
"2015","Vinjn Zhang",1
"2015","WenX",1
"2015","Wensheng Tang",1
"2015","Xiaodu",1
"2015","Xue Fuqiao",1
"2015","Y. T. CHUNG",2
"2015","Y. T. Chung",141
"2015","Yifu Yu",4
"2015","York Xiang",2
"2015","Zaicheng Qi",2
"2015","Zhang Sen",2
"2015","adoot",6
"2015","aipsel",2
"2015","amyangfei",1
"2015","ayanamist",5
"2015","clowwindy",182
"2015","crvv",4
"2015","cuckoo",2
"2015","ddatsh",2
"2015","defia",4
"2015","draplater",1
"2015","everyx",1
"2015","genzj",3
"2015","helinb",4
"2015","icylogic",52
"2015","kimw",34
"2015","kxjhlele",11
"2015","li3shiyi",2
"2015","lilydjwg",2
"2015","liulun",2
"2015","pagxir",1
"2015","qinghao",1
"2015","s7lx",1
"2015","sin_sin",3
"2015","v2ray",166
"2015","惠轶群",2
"2016","Allen Zhu",2
"2016","Andreas Auernhammer",2
"2016","Asynchronous Interruption #0",1
"2016","Bigtan",1
"2016","Boyuan Yang",6
"2016","Charles Kane",1
"2016","Chen Shaoju",2
"2016","Chen Yufei",10
"2016","CzBiX",9
"2016","Darien Raymond",1007
"2016","Dheminsgi",2
"2016","Echizen Ryoma",1
"2016","Edsger Lin",1
"2016","Enex Slurin",1
"2016","Eva Kane",2
"2016","Gang Zhuo",33
"2016","H2NCH2COOH",2
"2016","Ilya",3
"2016","Jiangzhuo",1
"2016","Jinjing Wang",2
"2016","Joey Korkames",1
"2016","John Hu",1
"2016","Kery Wu",1
"2016","Kim",16
"2016","LNDDYL",3
"2016","Licshee",29
"2016","Liu DongMiao",1
"2016","Lucas Liu",9
"2016","Max Lv",540
"2016","Max Mok",1
"2016","Meitian Huang",4
"2016","Mingye Wang",1
"2016","Mygod",334
"2016","NanaLich",1
"2016","Noisyfox",9
"2016","Noisyfox He",2
"2016","Patrick Robertson",1
"2016","Rayson Zhu",10
"2016","Rayson zhu",12
"2016","ReadmeCritic",1
"2016","Register",1
"2016","Roger Shimizu",9
"2016","Samuel X. S. Tseng",1
"2016","Shelikhoo",168
"2016","Shuai Lin",1
"2016","Simon Dong",2
"2016","Simon Lelievre",1
"2016","Symeon Huang",1
"2016","Syrone Wong",147
"2016","Tomasz Korzeniowski",2
"2016","ToutyRater",2
"2016","V2Ray Dev",10
"2016","VampireSH",1
"2016","WangXinXin",1
"2016","Wenxuan Zhao",1
"2016","Xingyu Chen",1
"2016","Y. T. CHUNG",5
"2016","Y. T. Chung",101
"2016","YumeMichi",1
"2016","Yuxiang Zhu",1
"2016","Zhang Chao",1
"2016","Zhengjun Zhang",1
"2016","ahxxm",1
"2016","anonymous-contributor",2
"2016","ayanamist",2
"2016","celeron533",1
"2016","chentao",8
"2016","chenxiaoqino",2
"2016","cs17899219",1
"2016","dd",2
"2016","everyx",4
"2016","icylogic",23
"2016","kev",2
"2016","kimw",24
"2016","kxjhlele",14
"2016","mengskysama",1
"2016","netcookies",2
"2016","noisyfox",100
"2016","paomian",1
"2016","peakvision",1
"2016","rampageX",1
"2016","shao222",1
"2016","sunsysjp",3
"2016","suwmlee",1
"2016","tim-le",2
"2016","v2ray",1552
"2016","wtlusvm",2
"2016","wyzegob",1
"2016","yyxida",4
"2016","破娃酱",14
"2016","荒野无灯",1
"2016","金黎明",2
"2017","Aaron LI",1
"2017","Allen Zhu",9
"2017","Analyser",1
"2017","Andreas Auernhammer",1
"2017","Asynchronous Interruption #0",1
"2017","Baiyi ""Patrick"" Liao",1
"2017","BenYip",1
"2017","BennyYip",3
"2017","Boyuan Yang",4
"2017","Cokebar Chi",2
"2017","DUPONCHEEL Sébastien",1
"2017","Daniel",9
"2017","Darien Raymond",1914
"2017","DarienRaymond",26
"2017","Dijkstra",2
"2017","ElTopo",1
"2017","Eric Fu",3
"2017","F Feng",1
"2017","Felix Yan",3
"2017","GhostFlying",2
"2017","Heiybb",3
"2017","Howard Liu",1
"2017","IbarakiKasen",2
"2017","Jacob Zuo",1
"2017","Jian Chang",2
"2017","Jiewei Qian",1
"2017","Jonas Gao",1
"2017","Kim",7
"2017","Ky0n",1
"2017","LNDDYL",2
"2017","Liming Jin",1
"2017","Lucas BEE",1
"2017","Martin Wetterwald",2
"2017","Mass Carl",1
"2017","Max Lv",493
"2017","Max Witten",1
"2017","Mygod",368
"2017","Neal Feng",1
"2017","Ninedyz",1
"2017","Noisyfox",1
"2017","Paizhuo.Chen",5
"2017","Patrick Li",2
"2017","Raif Atef",5
"2017","Rallets",1
"2017","Rayson zhu",4
"2017","Register",2
"2017","Rick Lei",2
"2017","Rio",1
"2017","Roger Shimizu",55
"2017","Sebastien DUPONCHEEL",6
"2017","Secbone",1
"2017","SharerMax",2
"2017","Shelikhoo",24
"2017","Sherlock Holo",2
"2017","Shuhai Shen",1
"2017","Simon Shi",7
"2017","Sion Kazama",1
"2017","Symeon Huang",1
"2017","Syrone Wong",32
"2017","Timothy Qiu",1
"2017","Tony Lian",1
"2017","ToutyRater",10
"2017","V.E.O",2
"2017","Valture",6
"2017","VampireSH",1
"2017","Vladimir Olteanu",8
"2017","Windendless",1
"2017","Xiandong",5
"2017","Xingwang Liao",1
"2017","Xingyu C",1
"2017","Y. T. CHUNG",8
"2017","Y. T. Chung",126
"2017","Yifu Yu",1
"2017","Yousong Zhou",2
"2017","Yuxiang Zhu",4
"2017","Zheng Kai",1
"2017","ZhiFeng Hu",1
"2017","Zhuoer Dong",1
"2017","Zhuoyun Wei",1
"2017","Zou Yong",2
"2017","alberto lalama",2
"2017","andwxh",2
"2017","anonymous-contributor",3
"2017","astrataro",4
"2017","celeron533",21
"2017","cssivision",1
"2017","cuckoo",2
"2017","ghv2",2
"2017","hang",2
"2017","hdt",2
"2017","huzhifeng",1
"2017","kimw",1
"2017","linxiaocong",1
"2017","lqs",4
"2017","lucus",14
"2017","lucus lee",3
"2017","miyon",1
"2017","netroby",2
"2017","quininer",2
"2017","quininer kel",3
"2017","rainysia",1
"2017","sunshineplan",10
"2017","thelastfantasy",1
"2017","wangxufire",1
"2017","was4444",6
"2017","wener",12
"2017","wtlusvm",13
"2017","xqdoo00o",3
"2017","zhou0",7
"2017","zzzdong",1
"2017","不可描述先生",1
"2017","依云",1
"2017","星野ハジメ",2
"2017","玩牛牛",1
"2017","破娃酱",2
"2017","钟晓仕",1
"2018","6r0k",1
"2018","ARwMq9b6",1
"2018","Abel Luck",2
"2018","Allen Zhu",17
"2018","Ariselia",4
"2018","Arthur Lee",2
"2018","Arthur-Lee",7
"2018","Boyuan Yang",1
"2018","CGDF",1
"2018","Chen Lei",1
"2018","Chen Shaoju",4
"2018","Cheng Zhen",1
"2018","Colin Watson",1
"2018","DDoSolitary",3
"2018","DUPONCHEEL Sébastien",1
"2018","Darien Raymond",2048
"2018","DarienRaymond",72
"2018","Dariush Alipour",1
"2018","Felix Yan",4
"2018","Feng Ye",1
"2018","FlyingheartCN",1
"2018","Funray Qu",2
"2018","Gyt",2
"2018","HYec",4
"2018","Hang",1
"2018","Harald Nordgren",4
"2018","Iskander Sharipov",4
"2018","JS Deck",2
"2018","Jared Hillier",1
"2018","Jinqiu Yu",24
"2018","Khaled Hassan",1
"2018","Kim",1
"2018","Linus Färnstrand",4
"2018","Linus Yang",21
"2018","Lonnie Liu",2
"2018","Max Lv",265
"2018","Max Prokhorov",2
"2018","Max Witten",1
"2018","Max yv",1
"2018","Meitian Huang",1
"2018","Mozi",1
"2018","Mygod",326
"2018","Opportunity",1
"2018","Pang Linbin",1
"2018","Paul Joey Clark",3
"2018","Prajwal Koirala",1
"2018","Ptomerty",3
"2018","Rajan",1
"2018","Rallets",1
"2018","Reker",1
"2018","Roger Shimizu",6
"2018","Sah",8
"2018","Sah (esaalii)",1
"2018","Sah Lee",3
"2018","Shelikhoo",40
"2018","Soul Dark",2
"2018","Student Main",1
"2018","StudentEx",7
"2018","Syrone Wong",9
"2018","TacoTheDank",1
"2018","Terry Chan",2
"2018","Ubuntu",2
"2018","V.E.O",1
"2018","VYSE V.E.O",1
"2018","Victoria Raymond",30
"2018","Wuxiang",10
"2018","Xiaokang Wang",2
"2018","Y. T. CHUNG",1
"2018","Y. T. Chung",55
"2018","Yaspee",2
"2018","Yegor Ievlev",1
"2018","Yorick Terweijden",1
"2018","Yuxiang Zhu",1
"2018","Zch",1
"2018","Zichuan Ma",1
"2018","^_^void",2
"2018","alalamav",1
"2018","arthur",3
"2018","asmca",1
"2018","celeron533",39
"2018","comwrg",6
"2018","dylanchu",4
"2018","edsgerlin",6
"2018","ewrfdv",1
"2018","fanck0605",1
"2018","forDream",2
"2018","halulu",1
"2018","hwchan",2
"2018","imReker",1
"2018","initrider",22
"2018","kimw",1
"2018","ksqsf",3
"2018","liyiheng",1
"2018","liyuan",1
"2018","localhost",1
"2018","mubiale",6
"2018","muzea",2
"2018","onlymash",5
"2018","pexcn",3
"2018","quininer",1
"2018","sunshineplan",62
"2018","sxyoxygen",5
"2018","tltltltl",1
"2018","upupming",1
"2018","voq",1
"2018","wuxiang",6
"2018","wuxiangzhou2010",8
"2018","wzxjohn",1
"2018","xnor",2
"2018","xuminready",1
"2018","zhuzeitou",1
"2018","zonyitoo",13
"2018","マシュ・キリエライト",1
"2019","Allen Zhu",30
"2019","Alonzo Liu",1
"2019","Anonymous-Someneese",6
"2019","Arthur Lee",6
"2019","Chinsyo",1
"2019","Codacy Badger",1
"2019","CodeLingo Bot",2
"2019","CoderYellow",1
"2019","CzBiX",9
"2019","Damir Ainullin",7
"2019","Darien Raymond",322
"2019","David Osztertag",1
"2019","David Wilson",1
"2019","Donghyeok Tak",1
"2019","Fabrice Fontaine",1
"2019","Felix Yan",2
"2019","Gondnat",2
"2019","Guō Xīng",1
"2019","Hirbod",1
"2019","Jason Cooke",1
"2019","Jerry",2
"2019","Kebin Liu",1
"2019","Kevin2Law",4
"2019","Kexy Biscuit",2
"2019","Kirill Motkov",2
"2019","Kslr",128
"2019","Linus Färnstrand",5
"2019","Max Lv",198
"2019","Mingye Wang",1
"2019","Mygod",416
"2019","Nicholas Wang",8
"2019","Punk",1
"2019","RJ Trujillo",1
"2019","Raif Atef",1
"2019","Rio",3
"2019","Roger Shimizu",2
"2019","SAPikachu",6
"2019","Shelikhoo",148
"2019","Silence Tai",2
"2019","Simon Shi",3
"2019","Student Main",34
"2019","Stzx",7
"2019","Suilong Liang",1
"2019","Syrone Wong",2
"2019","TGSAN",3
"2019","Victoria Raymond",8
"2019","Vinicius Fortuna",2
"2019","WHR",1
"2019","Xiaoding Liu",2
"2019","Xiaokang Wang",8
"2019","Y. T. CHUNG",1
"2019","Yifei0727",6
"2019","Yingyu Cheng",2
"2019","aaaaa",2
"2019","amphineko",1
"2019","anmingwei",1
"2019","ayanamist",1
"2019","boypt",7
"2019","celeron533",57
"2019","cyilin",2
"2019","eric",3
"2019","fcying",7
"2019","forever8938",2
"2019","fossabot",1
"2019","ghost",4
"2019","hanazaki05",3
"2019","heapops",2
"2019","hex2tan",2
"2019","ideal",9
"2019","igor",1
"2019","jessie-backports",1
"2019","keepalivesrc",8
"2019","kslr",15
"2019","kuoruan",2
"2019","liberal-boy",3
"2019","lixingcong",1
"2019","lonelam",1
"2019","lucifer9",14
"2019","lucus lee",2
"2019","mvd-ows",2
"2019","nil",1
"2019","nullptr",2
"2019","onlymash",1
"2019","papadave66",1
"2019","pexcn",2
"2019","poplite",1
"2019","rampageX",1
"2019","rickryo",1
"2019","shadowsocksRb",2
"2019","ssoxer",3
"2019","sunshineplan",6
"2019","tato",1
"2019","tnextday",7
"2019","tyuan",3
"2019","unknowndev233",6
"2019","vcptr",138
"2019","weaving118",8
"2019","wuxiaolong",4
"2019","yuanmomo",2
"2019","zonyitoo",101
"2019","漂流",1
"2019","神楽坂ニャン",1
"2019","谭九鼎",1
"2020","Agioi Theodoroi",8
"2020","Alex",1
"2020","Allen Zhu",16
"2020","Anonymous-Someneese",9
"2020","Araragi Hokuto",3
"2020","Arthur Morgan",1
"2020","Beta Soft",1
"2020","Bill Zhong",1
"2020","Boyuan Yang",1
"2020","CalmLong",2
"2020","Chinsyo",6
"2020","Clement Wong",1
"2020","DDoSolitary",3
"2020","Darhwa",14
"2020","Dct Mei",7
"2020","DuckSoft",12
"2020","FH0",3
"2020","Fabrice Fontaine",1
"2020","Felix Yan",4
"2020","Feng Yu",3
"2020","GitHub Action",55
"2020","HalfLife",1
"2020","IceCodeNew",6
"2020","Isaac",2
"2020","JH2628",2
"2020","Jamis Hoo",3
"2020","Jebbs",6
"2020","JimhHan",1
"2020","John",1
"2020","John Hu",2
"2020","Kirill Motkov",1
"2020","Kslr",355
"2020","Love4Taylor",1
"2020","Loyalsoldier",96
"2020","Max Lv",207
"2020","Morlay",3
"2020","Mygod",269
"2020","Nerekihs",1
"2020","Nicholas Wang",13
"2020","Not Sure",4
"2020","Page Fault",1
"2020","QxQ",2
"2020","RK",3
"2020","RPRX",183
"2020","RekonChan",2
"2020","Richard Chen",3
"2020","Roger Shimizu",5
"2020","Rolf Kristensen",1
"2020","SamHurwitz",1
"2020","Seia-Soto",1
"2020","Shelikhoo",133
"2020","Silence Tai",1
"2020","Student Main",71
"2020","Stzx",5
"2020","Symeon Huang",1
"2020","Taiki Endo",1
"2020","ToutyRater",3
"2020","V2Fly Team",5
"2020","Vento Valery",2
"2020","Vigilans",40
"2020","Xiaokang Wang",19
"2020","Y. T. CHUNG",3
"2020","Ye Zhihao",4
"2020","ahmadali shafiee",5
"2020","ayanamist",1
"2020","babarosaM33",14
"2020","bdbai",1
"2020","celeron533",16
"2020","cyber368",1
"2020","cyber386",7
"2020","database64128",52
"2020","dependabot-preview[bot]",6
"2020","dependabot[bot]",69
"2020","dyhkwong",1
"2020","ekenchan",1
"2020","eycorsican",2
"2020","forever8938",1
"2020","fzhyzamt",1
"2020","ghost",2
"2020","ideal",1
"2020","ipcjs-rog-ubuntu",1
"2020","jejayhe",1
"2020","kallydev",8
"2020","kimw",1
"2020","kingofotaku",1
"2020","kslr",17
"2020","kuangniu",1
"2020","loyalsoldier",86
"2020","lucifer",10
"2020","lucifer9",19
"2020","luozijun",1
"2020","maskedeken",4
"2020","mmx",2
"2020","mzz",3
"2020","mzz2017",9
"2020","notsure2",1
"2020","nullptr",3
"2020","onlymash",1
"2020","remote-v2ray",1
"2020","root",1
"2020","rprx",20
"2020","test",1
"2020","ty",4
"2020","unknowndev233",12
"2020","vcptr",25
"2020","wwqgtxx",2
"2020","xymopen",24
"2020","ymshenyu",1
"2020","young-zy",2
"2020","yuhan6665",8
"2020","zfl9",5
"2020","zhuobixin",2
"2020","zonyitoo",447
"2020","zouquan741",3
"2020","zx",1
"2020","zzc10086",4
"2020","單dar 于ɦʷa",1
"2020","汪心禾",3
"2020","谭九鼎",1
"2021","Aaron Chen",1
"2021","Ahmad Karimi",1
"2021","Alexandre ABRIOUX",1
"2021","Aven",1
"2021","Bhoppi Chaw",2
"2021","Bo He",3
"2021","Bruce Wayne",1
"2021","CalmLong",3
"2021","DarthVader",4
"2021","Dean Li",2
"2021","DuckSoft",5
"2021","Gilles Depeyrot",5
"2021","GitHub Action",12
"2021","Goooler",1
"2021","Jachin",1
"2021","Jared Pyzynski",1
"2021","Jebbs",3
"2021","John",8
"2021","Joshua Abraham",1
"2021","Julia",1
"2021","KallyDev",2
"2021","Kid",1
"2021","Kslr",8
"2021","Loyalsoldier",106
"2021","Machtergreifung",1
"2021","Max Lv",31
"2021","Maxim Shpak",1
"2021","Mygod",71
"2021","Ovear",2
"2021","Paul ""Joey"" Clark",1
"2021","Prajwal Koirala",2
"2021","QxQ",3
"2021","RPRX",4
"2021","Shelikhoo",447
"2021","SquallATF",2
"2021","Tianling Shen",1
"2021","ValdikSS",5
"2021","Vigilans",1
"2021","XGFan",1
"2021","Xiaokang Wang",11
"2021","Y0ba",5
"2021","Ye Zhihao",4
"2021","Zimo Li",2
"2021","abner_bob",1
"2021","ayanamist",1
"2021","database64128",7
"2021","dependabot-preview[bot]",32
"2021","dependabot[bot]",91
"2021","dyhkwong",2
"2021","fanyiguan",1
"2021","ght99",1
"2021","github-actions[bot]",2
"2021","ihotte",1
"2021","jebbs",1
"2021","kallydev",2
"2021","kda2000",1
"2021","kimw",4
"2021","kslr",13
"2021","lixingcong",2
"2021","loyalsoldier",13
"2021","maskedeken",2
"2021","mzz",1
"2021","pexcn",1
"2021","realies",1
"2021","riKirsti",1
"2021","rurirei",7
"2021","sixg0000d",1
"2021","spyophobia",2
"2021","t0nyt4ng",1
"2021","ty",4
"2021","vidy",1
"2021","wyzdot",1
"2021","wyzhou",1
"2021","ydx",1
"2021","yuhan6665",5
"2021","zonyitoo",277
"2021","世界",10
"2021","刘志龙",1
"2021","寧靜",2
"2021","朱聖黎",1
"2021","朱聖黎 (Zhu Sheng Li)",2
"2021","秋のかえで",26
"2022","1ocalhost",1
"2022","Alex Ratner",1
"2022","Bernd Eichelberger",1
"2022","Bill Zhong",2
"2022","Chen Shaoju",1
"2022","Cubarco",1
"2022","DDoSolitary",1
"2022","David Lönnhager",4
"2022","Fabrice Fontaine",1
"2022","Felix Yan",1
"2022","GVerso",1
"2022","Hanwei Jin",1
"2022","Hellojack",1
"2022","Hork",2
"2022","Hotaru Oyng",1
"2022","Huang-Huang Bao",5
"2022","Jebbs",2
"2022","John",1
"2022","Kaiyuan Li",1
"2022","KujouRinka",2
"2022","Lev Lunev",1
"2022","Loki Wang",1
"2022","Loyalsoldier",5
"2022","Machtergreifung",1
"2022","Max Lv",46
"2022","Maxim Galaganov",3
"2022","Michael",1
"2022","Mike Borsetti",1
"2022","Mygod",21
"2022","NaLan ZeYu",1
"2022","NeverBehave",1
"2022","Nick Cao",1
"2022","RAX7",1
"2022","Robert LU",1
"2022","Shelikhoo",85
"2022","Shun Sakai",1
"2022","Tristan Schmelcher",1
"2022","ValdikSS",1
"2022","Vigilans",7
"2022","Y0ba",2
"2022","Yuwei Ba",1
"2022","_ksco",1
"2022","database64128",1
"2022","dependabot[bot]",125
"2022","dev4u",11
"2022","dyhkwong",4
"2022","heimoshuiyu",1
"2022","kvii",1
"2022","longkai",2
"2022","lrh2000",2
"2022","lwintermelon",1
"2022","nishans08",1
"2022","rickyrick2002",2
"2022","simpleandstupid",1
"2022","spyophobia",1
"2022","ty",2
"2022","vndroid",4
"2022","wevsty",3
"2022","xiazuojie",3
"2022","yuhan6665",3
"2022","zonyitoo",246
"2022","世界",3
"2022","秋のかえで",39
"2023","57a4c324e742",2
"2023","A1lo",1
"2023","Aaron Chen",3
"2023","AkinoKaede",32
"2023","Aleksandr Krotov",1
"2023","Allo",4
"2023","Bran Liang",1
"2023","Dmitry Afanasiev",1
"2023","Ed Asriyan",1
"2023","Eli Skeggs",1
"2023","Emils",1
"2023","Hanwei Jin",2
"2023","Huang-Huang Bao",1
"2023","Kirill Fertikov",2
"2023","Kslr",1
"2023","Li Xiaobin",1
"2023","Max Lv",21
"2023","MoetaYuko",1
"2023","Murtaza S Vhora",1
"2023","Mygod",6
"2023","NimaQu",1
"2023","OurebiKitsu",1
"2023","Qusic",1
"2023","Rinka",1
"2023","Secretary of the Interior, Not Sure",1
"2023","Seena Fallah",2
"2023","Shelikhoo",49
"2023","Shriraj Hegde",1
"2023","Sorochan Ilya",1
"2023","Tim Xylon",23
"2023","Vigilans",5
"2023","Wang Xiang",1
"2023","XOR-op",1
"2023","Xiaokang Wang (Shelikhoo)",1
"2023","YiGuo",1
"2023","Yuwei Ba",1
"2023","allo",1
"2023","bran",1
"2023","database64128",1
"2023","dependabot[bot]",166
"2023","dev4u",1
"2023","dyhkwong",6
"2023","ghosx",1
"2023","guangwu",1
"2023","hanwei",2
"2023","heimoshuiyu",1
"2023","just1900",1
"2023","karelrooted",1
"2023","mydogshitgold",2
"2023","pathC",3
"2023","riKirsti",1
"2023","spyophobia",1
"2023","time-river",1
"2023","ty",6
"2023","vndroid",1
"2023","zonyitoo",127
"2023","秋のかえで",2
"2024","Aaron Chen",15
"2024","Aleksandr Krotov",2
"2024","Alexander Azarov",1
"2024","Consus",1
"2024","David Lönnhager",1
"2024","Hanwei Jin",1
"2024","Hillwood Yang",1
"2024","Integral",1
"2024","Jimmy Huang",1
"2024","Jorge Alberto Díaz Orozco (Akiel)",1
"2024","Justin W Smith",1
"2024","Kaede Akino",2
"2024","Kasefuchs",1
"2024","Kursat Aktas",1
"2024","Liu Dongmiao",2
"2024","Lomik_XP",3
"2024","Marek Küthe",1
"2024","Mark Ma",1
"2024","Markus Pettersson",1
"2024","Max Lv",3
"2024","Misaki Kasumi",4
"2024","Mygod",21
"2024","Qusic",1
"2024","Shelikhoo",39
"2024","Skyxim",1
"2024","Tom Ryan",2
"2024","Vesa Vilhonen",1
"2024","Vigilans",3
"2024","Xiaokang Wang (Shelikhoo)",7
"2024","Xuesong Peng",2
"2024","Yuwei Ba",1
"2024","dependabot[bot]",159
"2024","drawdrop",1
"2024","dyhkwong",9
"2024","ge9",1
"2024","hanwei",1
"2024","l",1
"2024","link2xt",1
"2024","mesher2024",1
"2024","mkmark",1
"2024","nailyk",2
"2024","povsister",1
"2024","renovate[bot]",104
"2024","splurge103",1
"2024","stormynoct",2
"2024","sunshineplan",3
"2024","ty",32
"2024","unknowndevQwQ",1
"2024","xiaobo tian",1
"2024","zonyitoo",223
"2024","世界",2
"2024","秋野かえで",1
"2024","风扇滑翔翼",1
"2025","Aaron Chen",2
"2025","ClaytonKnittel",1
"2025","Lu jicong",1
"2025","Robot5",1
"2025","Shelikhoo",11
"2025","Tatsuya Kawano",2
"2025","Vigilans",1
"2025","Xiaokang Wang (Shelikhoo)",10
"2025","Xuesong",1
"2025","dependabot[bot]",15
"2025","oweid",1
"2025","renovate[bot]",31
"2025","ty",1
"2025","zonyitoo",7
