"Year","Date","Views","Shares","Url","Content","Extracted URL 1","Extracted URL 2","Extracted URL 3","Extracted URL 4","Extracted URL 5","Extracted URL 6","Extracted URL 7","Extracted URL 8","Extracted URL 9","Extracted URL 10","Extracted URL 11","Extracted URL 12","Extracted URL 13","Extracted URL 14","Extracted URL 15","Extracted URL 16","Extracted URL 17","Extracted URL 18","Extracted URL 19","Extracted URL 20","Extracted URL 21","Extracted URL 22","Extracted URL 23","Extracted URL 24","Extracted URL 25","Extracted URL 26","Extracted URL 27","Extracted URL 28","Extracted URL 29","Extracted URL 30","Extracted URL 31","Extracted URL 32","Extracted URL 33","Extracted URL 34","Extracted URL 35","Extracted URL 36","Extracted URL 37","Extracted URL 38","Extracted URL 39","Extracted URL 40","Extracted URL 41","Extracted URL 42","Extracted URL 43","Extracted URL 44","Extracted URL 45","Extracted URL 46","Extracted URL 47","Extracted URL 48","Extracted URL 49","Extracted URL 50","Extracted URL 51","Extracted URL 52","Extracted URL 53","Extracted URL 54","Extracted URL 55","Extracted URL 56","Extracted URL 57","Extracted URL 58","Extracted URL 59","Extracted URL 60","Extracted URL 61","Extracted URL 62"
2018,2018-12-26 11:52:40,6973,10,"https://t.me/DuyaoSS/138","2018.12.26  晚高峰6点半-7点半测速 

ssrcloud，速度不错，最近比较忙，没什么空测，明天也要出门。。。

[https://www.dc3cloud.ml/](https://www.dc3cloud.ml/auth/register?code=j1ztBVRHw6FnDI5WvFmngXspeO4oaRHP)","https://www.dc3cloud.ml/","https://www.dc3cloud.ml/auth/register?code=j1ztBVRHw6FnDI5WvFmngXspeO4oaRHP",NA,NA,NA,NA,NA,NA,NA,NA,NA,NA,NA,NA,NA,NA,NA,NA,NA,NA,NA,NA,NA,NA,NA,NA,NA,NA,NA,NA,NA,NA,NA,NA,NA,NA,NA,NA,NA,NA,NA,NA,NA,NA,NA,NA,NA,NA,NA,NA,NA,NA,NA,NA,NA,NA,NA,NA,NA,NA,NA,NA
2018,2018-12-22 22:24:04,9556,25,"https://t.me/DuyaoSS/135","事件来龙去脉在此：https://telegra.ph/tg%E5%9C%88%E6%9C%80%E6%81%B6%E5%BF%83%E7%9A%84%E6%9C%BA%E5%9C%BAaddweb-12-18
这篇是另一个受害者写的，我引用一下
然后今天，机场的厂长貌似直接把大家的帐号都封锁了，现在线路不能用了，帐号也无法登陆了，疑似跑路，机场主疑似诈骗，却派一些一伙儿的人说我们是故意黑他们，却从来不正面回答变相涨价和封禁帐号不能用也不退钱的问题。请曝光广而告之，他们圣诞节还要搞什么促销，担心会诈骗到更多人","https://telegra.ph/tg%E5%9C%88%E6%9C%80%E6%81%B6%E5%BF%83%E7%9A%84%E6%9C%BA%E5%9C%BAaddweb-12-18",NA,NA,NA,NA,NA,NA,NA,NA,NA,NA,NA,NA,NA,NA,NA,NA,NA,NA,NA,NA,NA,NA,NA,NA,NA,NA,NA,NA,NA,NA,NA,NA,NA,NA,NA,NA,NA,NA,NA,NA,NA,NA,NA,NA,NA,NA,NA,NA,NA,NA,NA,NA,NA,NA,NA,NA,NA,NA,NA,NA,NA
2018,2018-12-16 13:31:46,7989,3,"https://t.me/DuyaoSS/123","2018.12.16 晚高峰9点-9点半测速

Rixcloud，速度依旧稳定好看。。。
前些天出门了，所以没测，再加上回来偷懒了两天

[ https://portal.rixcloud.me](https://portal.rixcloud.me/aff.php?aff=1029)","https://portal.rixcloud.me","https://portal.rixcloud.me/aff.php?aff=1029",NA,NA,NA,NA,NA,NA,NA,NA,NA,NA,NA,NA,NA,NA,NA,NA,NA,NA,NA,NA,NA,NA,NA,NA,NA,NA,NA,NA,NA,NA,NA,NA,NA,NA,NA,NA,NA,NA,NA,NA,NA,NA,NA,NA,NA,NA,NA,NA,NA,NA,NA,NA,NA,NA,NA,NA,NA,NA,NA,NA
2018,2018-12-01 06:46:56,9554,29,"https://t.me/DuyaoSS/94","https://t.me/nfone/4","https://t.me/nfone/4",NA,NA,NA,NA,NA,NA,NA,NA,NA,NA,NA,NA,NA,NA,NA,NA,NA,NA,NA,NA,NA,NA,NA,NA,NA,NA,NA,NA,NA,NA,NA,NA,NA,NA,NA,NA,NA,NA,NA,NA,NA,NA,NA,NA,NA,NA,NA,NA,NA,NA,NA,NA,NA,NA,NA,NA,NA,NA,NA,NA,NA
2018,2018-11-29 03:45:46,302,1,"https://t.me/DuyaoSS/91","Surge用户的Windows生存之路，我花了一个月做了一个让自己满意的软件——Clash for Windows

https://sspai.com/post/48350","https://sspai.com/post/48350",NA,NA,NA,NA,NA,NA,NA,NA,NA,NA,NA,NA,NA,NA,NA,NA,NA,NA,NA,NA,NA,NA,NA,NA,NA,NA,NA,NA,NA,NA,NA,NA,NA,NA,NA,NA,NA,NA,NA,NA,NA,NA,NA,NA,NA,NA,NA,NA,NA,NA,NA,NA,NA,NA,NA,NA,NA,NA,NA,NA,NA
2018,2018-11-15 14:39:39,612,18,"https://t.me/DuyaoSS/48","ZH-HANS • Chinese (Simplified) 简体中文：翻譯較完整

https://t.me/setlanguage/zh-hans-raw 


ZH-HANT • Chinese (Traditional) 繁體中文：還有待努力

https://t.me/setlanguage/zh-hant-raw

* Telegram iOS 5.0.17 版的中文化，請點擊以上連結
* 從此不必手動更新中文化了，只要翻譯網站有字串確認翻譯，各位的 App 會即時更新界面","https://t.me/setlanguage/zh-hans-raw","https://t.me/setlanguage/zh-hant-raw",NA,NA,NA,NA,NA,NA,NA,NA,NA,NA,NA,NA,NA,NA,NA,NA,NA,NA,NA,NA,NA,NA,NA,NA,NA,NA,NA,NA,NA,NA,NA,NA,NA,NA,NA,NA,NA,NA,NA,NA,NA,NA,NA,NA,NA,NA,NA,NA,NA,NA,NA,NA,NA,NA,NA,NA,NA,NA,NA,NA
2018,2018-11-06 13:06:09,28063,181,"https://t.me/DuyaoSS/6","http://387099.blogspot.com/2018/03/ssssr.html?m=1","http://387099.blogspot.com/2018/03/ssssr.html?m=1",NA,NA,NA,NA,NA,NA,NA,NA,NA,NA,NA,NA,NA,NA,NA,NA,NA,NA,NA,NA,NA,NA,NA,NA,NA,NA,NA,NA,NA,NA,NA,NA,NA,NA,NA,NA,NA,NA,NA,NA,NA,NA,NA,NA,NA,NA,NA,NA,NA,NA,NA,NA,NA,NA,NA,NA,NA,NA,NA,NA,NA
2018,2018-11-06 13:05:50,22615,70,"https://t.me/DuyaoSS/5","http://www.evernote.com/l/AmEIfRIK0H9LE5XUla9dVz21Q8NQ5sVaxMM/","http://www.evernote.com/l/AmEIfRIK0H9LE5XUla9dVz21Q8NQ5sVaxMM/",NA,NA,NA,NA,NA,NA,NA,NA,NA,NA,NA,NA,NA,NA,NA,NA,NA,NA,NA,NA,NA,NA,NA,NA,NA,NA,NA,NA,NA,NA,NA,NA,NA,NA,NA,NA,NA,NA,NA,NA,NA,NA,NA,NA,NA,NA,NA,NA,NA,NA,NA,NA,NA,NA,NA,NA,NA,NA,NA,NA,NA
2019,2019-12-30 14:13:54,10745,0,"https://t.me/DuyaoSS/2351","2019.12.30  晚9点半测速

测速机场：养鸡场，清晰图看[博客

](https://www.duyaoss.com/archives/3/)测速带宽：图1北京联通500M，图2上海 #电信 300M，图3江苏 #移动 500M

官网：https://bit.ly/357TFIt


频道 @DuyaoSS","https://www.duyaoss.com/archives/3/)测速带宽：图1北京联通500M，图2上海","https://bit.ly/357TFIt",NA,NA,NA,NA,NA,NA,NA,NA,NA,NA,NA,NA,NA,NA,NA,NA,NA,NA,NA,NA,NA,NA,NA,NA,NA,NA,NA,NA,NA,NA,NA,NA,NA,NA,NA,NA,NA,NA,NA,NA,NA,NA,NA,NA,NA,NA,NA,NA,NA,NA,NA,NA,NA,NA,NA,NA,NA,NA,NA,NA
2019,2019-12-29 13:09:31,11061,2,"https://t.me/DuyaoSS/2347","2019.12.29  晚9点测速

测速机场：EX-FLUX，清晰图等下见博客

测速带宽：图1北京联通500M，图2上海 #电信 300M，图3江苏 #移动 500M

官网：https://bit.ly/39lSEQn


频道 @DuyaoSS","https://bit.ly/39lSEQn",NA,NA,NA,NA,NA,NA,NA,NA,NA,NA,NA,NA,NA,NA,NA,NA,NA,NA,NA,NA,NA,NA,NA,NA,NA,NA,NA,NA,NA,NA,NA,NA,NA,NA,NA,NA,NA,NA,NA,NA,NA,NA,NA,NA,NA,NA,NA,NA,NA,NA,NA,NA,NA,NA,NA,NA,NA,NA,NA,NA,NA
2019,2019-12-29 11:54:53,10204,2,"https://t.me/DuyaoSS/2343","2019.12.29  晚7点半测速

测速机场：YToo，中转V2机场

测速带宽：图1北京联通500M，图2上海 #电信 300M，图3江苏 #移动 500M

官网：https://bit.ly/2QsQoyb


频道 @DuyaoSS","https://bit.ly/2QsQoyb",NA,NA,NA,NA,NA,NA,NA,NA,NA,NA,NA,NA,NA,NA,NA,NA,NA,NA,NA,NA,NA,NA,NA,NA,NA,NA,NA,NA,NA,NA,NA,NA,NA,NA,NA,NA,NA,NA,NA,NA,NA,NA,NA,NA,NA,NA,NA,NA,NA,NA,NA,NA,NA,NA,NA,NA,NA,NA,NA,NA,NA
2019,2019-12-29 11:20:42,11044,23,"https://t.me/DuyaoSS/2342","2019.12.29  晚7点测速

测速机场：魅影极速，中转机场

测速带宽

清晰图1 北京联通500M：https://bit.ly/2Q5Ndx9

清晰图2 上海电信300M：https://bit.ly/366Lttp

清晰图3 江苏移动500M：https://bit.ly/357O0SK



频道 @DuyaoSS","https://bit.ly/2Q5Ndx9","https://bit.ly/366Lttp","https://bit.ly/357O0SK",NA,NA,NA,NA,NA,NA,NA,NA,NA,NA,NA,NA,NA,NA,NA,NA,NA,NA,NA,NA,NA,NA,NA,NA,NA,NA,NA,NA,NA,NA,NA,NA,NA,NA,NA,NA,NA,NA,NA,NA,NA,NA,NA,NA,NA,NA,NA,NA,NA,NA,NA,NA,NA,NA,NA,NA,NA,NA,NA
2019,2019-12-29 09:04:50,660,0,"https://t.me/DuyaoSS/2341","漫威电影宇宙新阶段开幕，2020 年你能在电影院看到这些超级英雄电影 [by 潘誉晗]
https://sspai.com/post/58010","https://sspai.com/post/58010",NA,NA,NA,NA,NA,NA,NA,NA,NA,NA,NA,NA,NA,NA,NA,NA,NA,NA,NA,NA,NA,NA,NA,NA,NA,NA,NA,NA,NA,NA,NA,NA,NA,NA,NA,NA,NA,NA,NA,NA,NA,NA,NA,NA,NA,NA,NA,NA,NA,NA,NA,NA,NA,NA,NA,NA,NA,NA,NA,NA,NA
2019,2019-12-28 11:16:08,9744,0,"https://t.me/DuyaoSS/2337","2019.12.28  晚7点测速

测速机场：繁星极速

测速带宽：图1北京联通500M，图2上海 #电信 300M，图3江苏 #移动 500M

官网：https://bit.ly/2OyWnBv


频道 @DuyaoSS","https://bit.ly/2OyWnBv",NA,NA,NA,NA,NA,NA,NA,NA,NA,NA,NA,NA,NA,NA,NA,NA,NA,NA,NA,NA,NA,NA,NA,NA,NA,NA,NA,NA,NA,NA,NA,NA,NA,NA,NA,NA,NA,NA,NA,NA,NA,NA,NA,NA,NA,NA,NA,NA,NA,NA,NA,NA,NA,NA,NA,NA,NA,NA,NA,NA,NA
2019,2019-12-28 10:36:09,9999,3,"https://t.me/DuyaoSS/2333","2019.12.28  晚6点半测速

测速机场：Boslife，中转机场

测速带宽：图1北京联通500M，图2上海 #电信 300M，图3江苏 #移动 500M

官网：https://bit.ly/2SzwfZY


频道 @DuyaoSS","https://bit.ly/2SzwfZY",NA,NA,NA,NA,NA,NA,NA,NA,NA,NA,NA,NA,NA,NA,NA,NA,NA,NA,NA,NA,NA,NA,NA,NA,NA,NA,NA,NA,NA,NA,NA,NA,NA,NA,NA,NA,NA,NA,NA,NA,NA,NA,NA,NA,NA,NA,NA,NA,NA,NA,NA,NA,NA,NA,NA,NA,NA,NA,NA,NA,NA
2019,2019-12-27 06:27:54,365,0,"https://t.me/DuyaoSS/2332","Clash for Windows 更新至 0.8.7：

- 升级 Clash core 
- 增加 Provider 控制界面用于更新及延迟测试
- Feedback 中增加 clash-config-builder 的跳转
- 卸载时删除 AppData 中多余数据
- 修复某些情况下缩放异常问题
- 防止界面元素被异常拖动
- 修复 UI 问题

* 周末愉快

[安装包下载](https://github.com/Fndroid/clash_for_windows_pkg/releases/tag/0.8.7)        [送杯咖啡](https://t.me/fndroid_news/399)","https://github.com/Fndroid/clash_for_windows_pkg/releases/tag/0.8.7","https://t.me/fndroid_news/399",NA,NA,NA,NA,NA,NA,NA,NA,NA,NA,NA,NA,NA,NA,NA,NA,NA,NA,NA,NA,NA,NA,NA,NA,NA,NA,NA,NA,NA,NA,NA,NA,NA,NA,NA,NA,NA,NA,NA,NA,NA,NA,NA,NA,NA,NA,NA,NA,NA,NA,NA,NA,NA,NA,NA,NA,NA,NA,NA,NA
2019,2019-12-26 14:00:58,10519,8,"https://t.me/DuyaoSS/2331","2019.12.26  晚9点半测速

测速机场：次元链接；(12月23日-12月27日) 期间余额充值或商店支付为9折，叠加年付8折后套餐72折

测速带宽

清晰图1 北京联通500M：https://bit.ly/2Ss7TBi

清晰图2 上海电信300M：https://bit.ly/2EUzAuE

清晰图3 江苏移动500M：https://bit.ly/35YrooX


官网：https://bit.ly/2MsXBNk


频道 @DuyaoSS","https://bit.ly/2Ss7TBi","https://bit.ly/2EUzAuE","https://bit.ly/35YrooX","https://bit.ly/2MsXBNk",NA,NA,NA,NA,NA,NA,NA,NA,NA,NA,NA,NA,NA,NA,NA,NA,NA,NA,NA,NA,NA,NA,NA,NA,NA,NA,NA,NA,NA,NA,NA,NA,NA,NA,NA,NA,NA,NA,NA,NA,NA,NA,NA,NA,NA,NA,NA,NA,NA,NA,NA,NA,NA,NA,NA,NA,NA,NA
2019,2019-12-26 12:13:09,9952,2,"https://t.me/DuyaoSS/2327","2019.12.26  晚8点测速

测速机场：喵帕斯，三级套餐；清晰图等下看[博客

](https://www.duyaoss.com/archives/3/) 测速带宽：图1北京联通500M，图2上海 #电信 300M，图3江苏 #移动 500M

官网：https://www.喵帕斯.com 


频道 @DuyaoSS","https://www.duyaoss.com/archives/3/","https://www.喵帕斯.com",NA,NA,NA,NA,NA,NA,NA,NA,NA,NA,NA,NA,NA,NA,NA,NA,NA,NA,NA,NA,NA,NA,NA,NA,NA,NA,NA,NA,NA,NA,NA,NA,NA,NA,NA,NA,NA,NA,NA,NA,NA,NA,NA,NA,NA,NA,NA,NA,NA,NA,NA,NA,NA,NA,NA,NA,NA,NA,NA,NA
2019,2019-12-25 14:14:32,9587,3,"https://t.me/DuyaoSS/2323","2019.12.25  晚10点测速

测速机场：泡芙云；年付75折优惠码：2020 

测速带宽：图1北京联通500M，图2上海 #电信 300M，图3江苏 #移动 500M

官网： https://bit.ly/2Y1uZiL


频道 @DuyaoSS","https://bit.ly/2Y1uZiL",NA,NA,NA,NA,NA,NA,NA,NA,NA,NA,NA,NA,NA,NA,NA,NA,NA,NA,NA,NA,NA,NA,NA,NA,NA,NA,NA,NA,NA,NA,NA,NA,NA,NA,NA,NA,NA,NA,NA,NA,NA,NA,NA,NA,NA,NA,NA,NA,NA,NA,NA,NA,NA,NA,NA,NA,NA,NA,NA,NA,NA
2019,2019-12-25 13:33:30,8494,1,"https://t.me/DuyaoSS/2319","2019.12.25  晚9点测速

测速机场：少数派，中转机场 

测速带宽：图1北京联通500M，图2上海 #电信 300M，图3江苏 #移动 500M

官网：https://bit.ly/2tInbr5


频道 @DuyaoSS","https://bit.ly/2tInbr5",NA,NA,NA,NA,NA,NA,NA,NA,NA,NA,NA,NA,NA,NA,NA,NA,NA,NA,NA,NA,NA,NA,NA,NA,NA,NA,NA,NA,NA,NA,NA,NA,NA,NA,NA,NA,NA,NA,NA,NA,NA,NA,NA,NA,NA,NA,NA,NA,NA,NA,NA,NA,NA,NA,NA,NA,NA,NA,NA,NA,NA
2019,2019-12-25 12:53:17,8672,2,"https://t.me/DuyaoSS/2315","2019.12.25  晚8点半测速

测速机场：卡车云

测速带宽：图1北京联通500M，图2上海 #电信 300M，图3江苏 #移动 500M

官网：https://bit.ly/2sZPHUP


频道 @DuyaoSS","https://bit.ly/2sZPHUP",NA,NA,NA,NA,NA,NA,NA,NA,NA,NA,NA,NA,NA,NA,NA,NA,NA,NA,NA,NA,NA,NA,NA,NA,NA,NA,NA,NA,NA,NA,NA,NA,NA,NA,NA,NA,NA,NA,NA,NA,NA,NA,NA,NA,NA,NA,NA,NA,NA,NA,NA,NA,NA,NA,NA,NA,NA,NA,NA,NA,NA
2019,2019-12-24 07:05:13,9681,5,"https://t.me/DuyaoSS/2309","https://youtu.be/x1eO9eVUvkA","https://youtu.be/x1eO9eVUvkA",NA,NA,NA,NA,NA,NA,NA,NA,NA,NA,NA,NA,NA,NA,NA,NA,NA,NA,NA,NA,NA,NA,NA,NA,NA,NA,NA,NA,NA,NA,NA,NA,NA,NA,NA,NA,NA,NA,NA,NA,NA,NA,NA,NA,NA,NA,NA,NA,NA,NA,NA,NA,NA,NA,NA,NA,NA,NA,NA,NA,NA
2019,2019-12-23 15:33:01,9106,2,"https://t.me/DuyaoSS/2304","2019.12.23  晚11点测速

测速机场：928Net，中转机场

测速带宽：图1北京联通500M，图2上海 #电信 300M，图3江苏 #移动 500M

官网： https://bit.ly/2MlFo4r


频道 @DuyaoSS","https://bit.ly/2MlFo4r",NA,NA,NA,NA,NA,NA,NA,NA,NA,NA,NA,NA,NA,NA,NA,NA,NA,NA,NA,NA,NA,NA,NA,NA,NA,NA,NA,NA,NA,NA,NA,NA,NA,NA,NA,NA,NA,NA,NA,NA,NA,NA,NA,NA,NA,NA,NA,NA,NA,NA,NA,NA,NA,NA,NA,NA,NA,NA,NA,NA,NA
2019,2019-12-23 15:01:38,8740,2,"https://t.me/DuyaoSS/2300","2019.12.23  晚10点半测速

测速机场：MoCloudPlus，常州联通中转；清晰图见[博客

](https://www.duyaoss.com/archives/3/)测速带宽：图1北京联通500M，图2上海 #电信 300M，图3江苏 #移动 500M

官网： https://bit.ly/2sdRKEL 


频道 @DuyaoSS","https://www.duyaoss.com/archives/3/)测速带宽：图1北京联通500M，图2上海","https://bit.ly/2sdRKEL",NA,NA,NA,NA,NA,NA,NA,NA,NA,NA,NA,NA,NA,NA,NA,NA,NA,NA,NA,NA,NA,NA,NA,NA,NA,NA,NA,NA,NA,NA,NA,NA,NA,NA,NA,NA,NA,NA,NA,NA,NA,NA,NA,NA,NA,NA,NA,NA,NA,NA,NA,NA,NA,NA,NA,NA,NA,NA,NA,NA
2019,2019-12-23 13:50:32,9559,2,"https://t.me/DuyaoSS/2296","2019.12.23  晚9点半测速

测速机场：STC-Server，只是V4部分节点

测速带宽：图1北京联通500M，图2上海 #电信 300M，图3江苏 #移动 500M

官网：https://bit.ly/2ZeBNKG


频道 @DuyaoSS","https://bit.ly/2ZeBNKG",NA,NA,NA,NA,NA,NA,NA,NA,NA,NA,NA,NA,NA,NA,NA,NA,NA,NA,NA,NA,NA,NA,NA,NA,NA,NA,NA,NA,NA,NA,NA,NA,NA,NA,NA,NA,NA,NA,NA,NA,NA,NA,NA,NA,NA,NA,NA,NA,NA,NA,NA,NA,NA,NA,NA,NA,NA,NA,NA,NA,NA
2019,2019-12-22 12:48:39,10035,7,"https://t.me/DuyaoSS/2292","2019.12.22  晚8点半测速

测速机场：Nexitally，中转机场

测速带宽：图1北京联通500M，图2上海 #电信 300M，图3江苏 #移动 500M

官网： https://bit.ly/2QRODME         

TG： https://t.me/nexitallyusers


频道 @DuyaoSS","https://bit.ly/2QRODME","https://t.me/nexitallyusers",NA,NA,NA,NA,NA,NA,NA,NA,NA,NA,NA,NA,NA,NA,NA,NA,NA,NA,NA,NA,NA,NA,NA,NA,NA,NA,NA,NA,NA,NA,NA,NA,NA,NA,NA,NA,NA,NA,NA,NA,NA,NA,NA,NA,NA,NA,NA,NA,NA,NA,NA,NA,NA,NA,NA,NA,NA,NA,NA,NA
2019,2019-12-22 12:11:08,9620,2,"https://t.me/DuyaoSS/2288","2019.12.22  晚8点测速

测速机场：MIMEMI

测速带宽：图1北京联通500M，图2上海 #电信 300M，图3江苏 #移动 500M

官网：https://bit.ly/36AJkqy


频道 @DuyaoSS","https://bit.ly/36AJkqy",NA,NA,NA,NA,NA,NA,NA,NA,NA,NA,NA,NA,NA,NA,NA,NA,NA,NA,NA,NA,NA,NA,NA,NA,NA,NA,NA,NA,NA,NA,NA,NA,NA,NA,NA,NA,NA,NA,NA,NA,NA,NA,NA,NA,NA,NA,NA,NA,NA,NA,NA,NA,NA,NA,NA,NA,NA,NA,NA,NA,NA
2019,2019-12-20 13:26:35,10846,3,"https://t.me/DuyaoSS/2279","2019.12.20  晚9点测速

测速机场：布丁网络加速，新接触不了解，联通中转V2机场；限时五折优惠码：50off

测速带宽：图1北京联通500M，图2上海 #电信 300M，图3江苏 #移动 500M

官网：https://bit.ly/2PKFEvX


频道 @DuyaoSS","https://bit.ly/2PKFEvX",NA,NA,NA,NA,NA,NA,NA,NA,NA,NA,NA,NA,NA,NA,NA,NA,NA,NA,NA,NA,NA,NA,NA,NA,NA,NA,NA,NA,NA,NA,NA,NA,NA,NA,NA,NA,NA,NA,NA,NA,NA,NA,NA,NA,NA,NA,NA,NA,NA,NA,NA,NA,NA,NA,NA,NA,NA,NA,NA,NA,NA
2019,2019-12-19 21:41:55,16059,122,"https://t.me/DuyaoSS/2278","庆余年，已完结46集

https://www.nfmovies.com/video/?41670-1-45.html

http://cs.soso6.top/index.php/vod/play/id/26367/sid/1/nid/35.html","https://www.nfmovies.com/video/?41670-1-45.html","http://cs.soso6.top/index.php/vod/play/id/26367/sid/1/nid/35.html",NA,NA,NA,NA,NA,NA,NA,NA,NA,NA,NA,NA,NA,NA,NA,NA,NA,NA,NA,NA,NA,NA,NA,NA,NA,NA,NA,NA,NA,NA,NA,NA,NA,NA,NA,NA,NA,NA,NA,NA,NA,NA,NA,NA,NA,NA,NA,NA,NA,NA,NA,NA,NA,NA,NA,NA,NA,NA,NA,NA
2019,2019-12-19 14:05:13,10337,1,"https://t.me/DuyaoSS/2274","2019.12.19  晚9点半测速

测速机场：36dCup

测速带宽：图1北京联通500M，图2上海 #电信 300M，图3江苏 #移动 500M

官网：https://bit.ly/2EBfnK5


频道 @DuyaoSS","https://bit.ly/2EBfnK5",NA,NA,NA,NA,NA,NA,NA,NA,NA,NA,NA,NA,NA,NA,NA,NA,NA,NA,NA,NA,NA,NA,NA,NA,NA,NA,NA,NA,NA,NA,NA,NA,NA,NA,NA,NA,NA,NA,NA,NA,NA,NA,NA,NA,NA,NA,NA,NA,NA,NA,NA,NA,NA,NA,NA,NA,NA,NA,NA,NA,NA
2019,2019-12-18 06:50:49,193,0,"https://t.me/DuyaoSS/2273","#APP #iOS

今天群友介绍了一款 iOS 下的滚动截屏工具 ScrollingScreenshot

👉 内测地址：https://testflight.apple.com/join/neWZqsq8

👉 Features：

和所有的截图再拼接成长图思路不同，该软件调用录屏功能，并将用户滚动过的页面自动生成长截图，可以说是十分好用。并且像录制屏幕一样，可以针对所有应用和场景截图，不局限于网页

该应用目前还没有上架，大家可以先使用测试版本

👉 存在的问题：
 
如图，AssistiveTouch 影响显示了效果，目前还不能自动去除

频道：@NewlearnerChannel","https://testflight.apple.com/join/neWZqsq8",NA,NA,NA,NA,NA,NA,NA,NA,NA,NA,NA,NA,NA,NA,NA,NA,NA,NA,NA,NA,NA,NA,NA,NA,NA,NA,NA,NA,NA,NA,NA,NA,NA,NA,NA,NA,NA,NA,NA,NA,NA,NA,NA,NA,NA,NA,NA,NA,NA,NA,NA,NA,NA,NA,NA,NA,NA,NA,NA,NA,NA
2019,2019-12-17 11:51:23,8368,1,"https://t.me/DuyaoSS/2265","2019.12.17  晚7点半测速

测速机场：云翼网络，原辉耀网络

测速带宽：图1北京联通500M，图2上海 #电信 300M，图3江苏 #移动 500M

官网：https://bit.ly/2YUJtBw


频道 @DuyaoSS","https://bit.ly/2YUJtBw",NA,NA,NA,NA,NA,NA,NA,NA,NA,NA,NA,NA,NA,NA,NA,NA,NA,NA,NA,NA,NA,NA,NA,NA,NA,NA,NA,NA,NA,NA,NA,NA,NA,NA,NA,NA,NA,NA,NA,NA,NA,NA,NA,NA,NA,NA,NA,NA,NA,NA,NA,NA,NA,NA,NA,NA,NA,NA,NA,NA,NA
2019,2019-12-17 11:02:56,8003,3,"https://t.me/DuyaoSS/2261","2019.12.17  晚6点半测速

测速机场：榴花云

测速带宽：图1北京联通500M，图2上海 #电信 300M，图3江苏 #移动 500M

官网：https://bit.ly/35BySO9


频道 @DuyaoSS","https://bit.ly/35BySO9",NA,NA,NA,NA,NA,NA,NA,NA,NA,NA,NA,NA,NA,NA,NA,NA,NA,NA,NA,NA,NA,NA,NA,NA,NA,NA,NA,NA,NA,NA,NA,NA,NA,NA,NA,NA,NA,NA,NA,NA,NA,NA,NA,NA,NA,NA,NA,NA,NA,NA,NA,NA,NA,NA,NA,NA,NA,NA,NA,NA,NA
2019,2019-12-16 11:11:32,363,0,"https://t.me/DuyaoSS/2258","2019年12月15日:
【脚本】新增 ChinaDNS-NG 。（来自 zfl9 的 ChinaDNS 重构版本）( https://github.com/zfl9/chinadns-ng )
【固件】使用 ssrr 项目代替 ssr。( https://github.com/shadowsocksrr/shadowsocksr-libev )

👉下载地址： https://opt.cn2qq.com/padavan
👉旧文件下载地址： https://1.cn2qq.com/旧文件/
#一键自动更新固件脚本
wget --no-check-certificate -O- https://opt.cn2qq.com/opt-script/up.sh > /tmp/up.sh && bash < /tmp/up.sh &","https://github.com/zfl9/chinadns-ng","https://github.com/shadowsocksrr/shadowsocksr-libev","https://opt.cn2qq.com/padavan","https://1.cn2qq.com/旧文件/","https://opt.cn2qq.com/opt-script/up.sh",NA,NA,NA,NA,NA,NA,NA,NA,NA,NA,NA,NA,NA,NA,NA,NA,NA,NA,NA,NA,NA,NA,NA,NA,NA,NA,NA,NA,NA,NA,NA,NA,NA,NA,NA,NA,NA,NA,NA,NA,NA,NA,NA,NA,NA,NA,NA,NA,NA,NA,NA,NA,NA,NA,NA,NA,NA
2019,2019-12-15 13:47:44,9267,5,"https://t.me/DuyaoSS/2254","2019.12.15  晚9点半测速

测速机场：NSL Network

测速带宽：图1北京联通500M，图2上海 #电信 300M，图3江苏 #移动 500M

官网：https://bit.ly/2qV2lE3


频道 @DuyaoSS","https://bit.ly/2qV2lE3",NA,NA,NA,NA,NA,NA,NA,NA,NA,NA,NA,NA,NA,NA,NA,NA,NA,NA,NA,NA,NA,NA,NA,NA,NA,NA,NA,NA,NA,NA,NA,NA,NA,NA,NA,NA,NA,NA,NA,NA,NA,NA,NA,NA,NA,NA,NA,NA,NA,NA,NA,NA,NA,NA,NA,NA,NA,NA,NA,NA,NA
2019,2019-12-15 12:45:59,7656,2,"https://t.me/DuyaoSS/2250","2019.12.15  晚8点半测速

测速机场：AAEX，中转机场

测速带宽：图1北京联通500M，图2上海 #电信 300M，图3江苏 #移动 500M

官网：https://bit.ly/2XFUjed


频道 @DuyaoSS","https://bit.ly/2XFUjed",NA,NA,NA,NA,NA,NA,NA,NA,NA,NA,NA,NA,NA,NA,NA,NA,NA,NA,NA,NA,NA,NA,NA,NA,NA,NA,NA,NA,NA,NA,NA,NA,NA,NA,NA,NA,NA,NA,NA,NA,NA,NA,NA,NA,NA,NA,NA,NA,NA,NA,NA,NA,NA,NA,NA,NA,NA,NA,NA,NA,NA
2019,2019-12-15 11:58:21,7232,0,"https://t.me/DuyaoSS/2246","2019.12.15  晚7点半测速

测速机场：Flycloud

测速带宽：图1北京联通500M，图2上海 #电信 300M，图3江苏 #移动 500M

官网：https://bit.ly/38zXyc9


频道 @DuyaoSS","https://bit.ly/38zXyc9",NA,NA,NA,NA,NA,NA,NA,NA,NA,NA,NA,NA,NA,NA,NA,NA,NA,NA,NA,NA,NA,NA,NA,NA,NA,NA,NA,NA,NA,NA,NA,NA,NA,NA,NA,NA,NA,NA,NA,NA,NA,NA,NA,NA,NA,NA,NA,NA,NA,NA,NA,NA,NA,NA,NA,NA,NA,NA,NA,NA,NA
2019,2019-12-15 11:28:28,7840,4,"https://t.me/DuyaoSS/2245","2019.12.15  晚7点测速

测速机场：海豚湾

测速带宽

清晰图1 北京联通500M：https://bit.ly/34nR4tw

清晰图2 上海电信300M：https://bit.ly/34sEfON

清晰图3 江苏移动500M：https://bit.ly/36IrkK5


官网：https://bit.ly/2Oge4pi 


频道 @DuyaoSS","https://bit.ly/34nR4tw","https://bit.ly/34sEfON","https://bit.ly/36IrkK5","https://bit.ly/2Oge4pi",NA,NA,NA,NA,NA,NA,NA,NA,NA,NA,NA,NA,NA,NA,NA,NA,NA,NA,NA,NA,NA,NA,NA,NA,NA,NA,NA,NA,NA,NA,NA,NA,NA,NA,NA,NA,NA,NA,NA,NA,NA,NA,NA,NA,NA,NA,NA,NA,NA,NA,NA,NA,NA,NA,NA,NA,NA,NA
2019,2019-12-14 13:39:39,7666,0,"https://t.me/DuyaoSS/2241","2019.12.14  晚9点半测速

测速机场：Amcloud，安慕希网络加速

测速带宽：图1北京联通500M，图2上海 #电信 300M，图3江苏 #移动 500M

官网：https://bit.ly/2spB1OE


频道 @DuyaoSS","https://bit.ly/2spB1OE",NA,NA,NA,NA,NA,NA,NA,NA,NA,NA,NA,NA,NA,NA,NA,NA,NA,NA,NA,NA,NA,NA,NA,NA,NA,NA,NA,NA,NA,NA,NA,NA,NA,NA,NA,NA,NA,NA,NA,NA,NA,NA,NA,NA,NA,NA,NA,NA,NA,NA,NA,NA,NA,NA,NA,NA,NA,NA,NA,NA,NA
2019,2019-12-14 13:26:43,6889,0,"https://t.me/DuyaoSS/2237","2019.12.14  晚9点测速

测速机场：CTCloud，清晰图看[博客](https://www.duyaoss.com/archives/3/) 

测速带宽：图1北京联通500M，图2上海 #电信 300M，图3江苏 #移动 500M

官网：https://bit.ly/34oIyLP


频道 @DuyaoSS","https://www.duyaoss.com/archives/3/","https://bit.ly/34oIyLP",NA,NA,NA,NA,NA,NA,NA,NA,NA,NA,NA,NA,NA,NA,NA,NA,NA,NA,NA,NA,NA,NA,NA,NA,NA,NA,NA,NA,NA,NA,NA,NA,NA,NA,NA,NA,NA,NA,NA,NA,NA,NA,NA,NA,NA,NA,NA,NA,NA,NA,NA,NA,NA,NA,NA,NA,NA,NA,NA,NA
2019,2019-12-14 12:29:03,7264,2,"https://t.me/DuyaoSS/2236","2019.12.14  晚8点测速

测速机场：KyCloud

测速带宽

清晰图1北京联通500M：https://bit.ly/34mkl7Z

清晰图2上海电信300M：https://bit.ly/2LUdKeG

清晰图3江苏移动500M：https://bit.ly/2RRJlBu


官网：https://bit.ly/2EjmeaV


频道 @DuyaoSS","https://bit.ly/34mkl7Z","https://bit.ly/2LUdKeG","https://bit.ly/2RRJlBu","https://bit.ly/2EjmeaV",NA,NA,NA,NA,NA,NA,NA,NA,NA,NA,NA,NA,NA,NA,NA,NA,NA,NA,NA,NA,NA,NA,NA,NA,NA,NA,NA,NA,NA,NA,NA,NA,NA,NA,NA,NA,NA,NA,NA,NA,NA,NA,NA,NA,NA,NA,NA,NA,NA,NA,NA,NA,NA,NA,NA,NA,NA,NA
2019,2019-12-14 11:14:01,9485,8,"https://t.me/DuyaoSS/2233","2019.12.14  晚6点测速

测速机场：ssrcloud，薯条

测速带宽

清晰图1 北京联通500M：https://bit.ly/2EhSbAh

清晰图2 上海电信300M：https://bit.ly/2LVKS5s

清晰图3 江苏移动500M：https://bit.ly/35lHGYJ


官网：https://bit.ly/2OC6eHu 


频道 @DuyaoSS","https://bit.ly/2EhSbAh","https://bit.ly/2LVKS5s","https://bit.ly/35lHGYJ","https://bit.ly/2OC6eHu",NA,NA,NA,NA,NA,NA,NA,NA,NA,NA,NA,NA,NA,NA,NA,NA,NA,NA,NA,NA,NA,NA,NA,NA,NA,NA,NA,NA,NA,NA,NA,NA,NA,NA,NA,NA,NA,NA,NA,NA,NA,NA,NA,NA,NA,NA,NA,NA,NA,NA,NA,NA,NA,NA,NA,NA,NA,NA
2019,2019-12-13 19:01:58,442,0,"https://t.me/DuyaoSS/2232","本周看什么：《神奇女侠 2》发布首款预告片，《被光抓走的人》正式上映 [by 一只索狗]
https://sspai.com/post/57855","https://sspai.com/post/57855",NA,NA,NA,NA,NA,NA,NA,NA,NA,NA,NA,NA,NA,NA,NA,NA,NA,NA,NA,NA,NA,NA,NA,NA,NA,NA,NA,NA,NA,NA,NA,NA,NA,NA,NA,NA,NA,NA,NA,NA,NA,NA,NA,NA,NA,NA,NA,NA,NA,NA,NA,NA,NA,NA,NA,NA,NA,NA,NA,NA,NA
2019,2019-12-13 13:18:42,7552,1,"https://t.me/DuyaoSS/2224","2019.12.13  晚9点测速

测速机场：SWCloud

测速带宽：图1北京联通500M，图2上海 #电信 300M，图3江苏 #移动 500M。

官网：https://bit.ly/2LRQnSP


频道 @DuyaoSS","https://bit.ly/2LRQnSP",NA,NA,NA,NA,NA,NA,NA,NA,NA,NA,NA,NA,NA,NA,NA,NA,NA,NA,NA,NA,NA,NA,NA,NA,NA,NA,NA,NA,NA,NA,NA,NA,NA,NA,NA,NA,NA,NA,NA,NA,NA,NA,NA,NA,NA,NA,NA,NA,NA,NA,NA,NA,NA,NA,NA,NA,NA,NA,NA,NA,NA
2019,2019-12-12 12:22:54,8139,0,"https://t.me/DuyaoSS/2220","2019.12.12  晚8点测速

测速机场：贼船，中转小船 

测速带宽：图1北京联通500M，图2上海 #电信 300M，图3江苏 #移动 500M

官网：https://bit.ly/2PCApgz


频道 @DuyaoSS","https://bit.ly/2PCApgz",NA,NA,NA,NA,NA,NA,NA,NA,NA,NA,NA,NA,NA,NA,NA,NA,NA,NA,NA,NA,NA,NA,NA,NA,NA,NA,NA,NA,NA,NA,NA,NA,NA,NA,NA,NA,NA,NA,NA,NA,NA,NA,NA,NA,NA,NA,NA,NA,NA,NA,NA,NA,NA,NA,NA,NA,NA,NA,NA,NA,NA
2019,2019-12-12 11:53:25,7246,0,"https://t.me/DuyaoSS/2216","2019.12.12  晚7点半测速

测速机场：MunCloud；限时六折优惠优惠码 7YTP6Y0VH4

测速带宽：图1北京联通500M，图2上海 #电信 300M，图3江苏 #移动 500M

官网：https://bit.ly/36rkdFr


频道 @DuyaoSS","https://bit.ly/36rkdFr",NA,NA,NA,NA,NA,NA,NA,NA,NA,NA,NA,NA,NA,NA,NA,NA,NA,NA,NA,NA,NA,NA,NA,NA,NA,NA,NA,NA,NA,NA,NA,NA,NA,NA,NA,NA,NA,NA,NA,NA,NA,NA,NA,NA,NA,NA,NA,NA,NA,NA,NA,NA,NA,NA,NA,NA,NA,NA,NA,NA,NA
2019,2019-12-12 11:22:05,7148,0,"https://t.me/DuyaoSS/2212","2019.12.12  晚7点测速

测速机场：矢矧网络 

测速带宽：图1北京联通500M，图2上海 #电信 300M，图3江苏 #移动 500M

官网：https://bit.ly/2PzApOe


频道 @DuyaoSS","https://bit.ly/2PzApOe",NA,NA,NA,NA,NA,NA,NA,NA,NA,NA,NA,NA,NA,NA,NA,NA,NA,NA,NA,NA,NA,NA,NA,NA,NA,NA,NA,NA,NA,NA,NA,NA,NA,NA,NA,NA,NA,NA,NA,NA,NA,NA,NA,NA,NA,NA,NA,NA,NA,NA,NA,NA,NA,NA,NA,NA,NA,NA,NA,NA,NA
2019,2019-12-12 10:55:44,9034,1,"https://t.me/DuyaoSS/2208","2019.12.12  晚6点半测速

测速机场：yukimo；前段时间出门了所以没测 

测速带宽：图1北京联通500M，图2上海 #电信 300M，图3江苏 #移动 500M

官网：https://bit.ly/35eV3cV


频道 @DuyaoSS","https://bit.ly/35eV3cV",NA,NA,NA,NA,NA,NA,NA,NA,NA,NA,NA,NA,NA,NA,NA,NA,NA,NA,NA,NA,NA,NA,NA,NA,NA,NA,NA,NA,NA,NA,NA,NA,NA,NA,NA,NA,NA,NA,NA,NA,NA,NA,NA,NA,NA,NA,NA,NA,NA,NA,NA,NA,NA,NA,NA,NA,NA,NA,NA,NA,NA
2019,2019-12-06 12:11:52,14156,1,"https://t.me/DuyaoSS/2203","2019.12.06  晚8点测速

测速机场：BigHead，清晰图看[博客](https://www.duyaoss.com/archives/3/)吧

测速带宽：图1北京联通500M，图2上海 #电信 300M，图3江苏 #移动 500M

官网：https://bit.ly/2DTNLQ6 


频道 @DuyaoSS","https://www.duyaoss.com/archives/3/)吧","https://bit.ly/2DTNLQ6",NA,NA,NA,NA,NA,NA,NA,NA,NA,NA,NA,NA,NA,NA,NA,NA,NA,NA,NA,NA,NA,NA,NA,NA,NA,NA,NA,NA,NA,NA,NA,NA,NA,NA,NA,NA,NA,NA,NA,NA,NA,NA,NA,NA,NA,NA,NA,NA,NA,NA,NA,NA,NA,NA,NA,NA,NA,NA,NA,NA
2019,2019-12-06 11:29:14,9463,1,"https://t.me/DuyaoSS/2199","2019.12.06  晚7点测速

测速机场：My2one，刚入的站，不过也是老站了。

测速带宽：图1北京联通500M，图2上海 #电信 300M，图3江苏 #移动 500M

官网：https://bit.ly/2OVzAjS


频道 @DuyaoSS","https://bit.ly/2OVzAjS",NA,NA,NA,NA,NA,NA,NA,NA,NA,NA,NA,NA,NA,NA,NA,NA,NA,NA,NA,NA,NA,NA,NA,NA,NA,NA,NA,NA,NA,NA,NA,NA,NA,NA,NA,NA,NA,NA,NA,NA,NA,NA,NA,NA,NA,NA,NA,NA,NA,NA,NA,NA,NA,NA,NA,NA,NA,NA,NA,NA,NA
2019,2019-12-06 10:45:07,9960,1,"https://t.me/DuyaoSS/2194","2019.12.06  晚6点半测速

测速机场：忍者云；今天这速度好像有点飙啊？新用户首购85折优惠码：忍者

测速带宽：图1北京联通500M，图2上海 #电信 300M，图3江苏 #移动 500M

官网：https://bit.ly/2OfbS02


频道 @DuyaoSS","https://bit.ly/2OfbS02",NA,NA,NA,NA,NA,NA,NA,NA,NA,NA,NA,NA,NA,NA,NA,NA,NA,NA,NA,NA,NA,NA,NA,NA,NA,NA,NA,NA,NA,NA,NA,NA,NA,NA,NA,NA,NA,NA,NA,NA,NA,NA,NA,NA,NA,NA,NA,NA,NA,NA,NA,NA,NA,NA,NA,NA,NA,NA,NA,NA,NA
2019,2019-12-05 13:40:08,9374,5,"https://t.me/DuyaoSS/2193","https://youtu.be/NX37Jz5v2-s","https://youtu.be/NX37Jz5v2-s",NA,NA,NA,NA,NA,NA,NA,NA,NA,NA,NA,NA,NA,NA,NA,NA,NA,NA,NA,NA,NA,NA,NA,NA,NA,NA,NA,NA,NA,NA,NA,NA,NA,NA,NA,NA,NA,NA,NA,NA,NA,NA,NA,NA,NA,NA,NA,NA,NA,NA,NA,NA,NA,NA,NA,NA,NA,NA,NA,NA,NA
2019,2019-12-05 13:08:04,8632,1,"https://t.me/DuyaoSS/2189","2019.12.05  晚9点测速

测速机场：Catchflying

测速带宽：图1北京联通500M，图2上海 #电信 300M，图3江苏 #移动 500M

官网：https://bit.ly/2LqJac3


频道 @DuyaoSS","https://bit.ly/2LqJac3",NA,NA,NA,NA,NA,NA,NA,NA,NA,NA,NA,NA,NA,NA,NA,NA,NA,NA,NA,NA,NA,NA,NA,NA,NA,NA,NA,NA,NA,NA,NA,NA,NA,NA,NA,NA,NA,NA,NA,NA,NA,NA,NA,NA,NA,NA,NA,NA,NA,NA,NA,NA,NA,NA,NA,NA,NA,NA,NA,NA,NA
2019,2019-12-05 12:29:13,7955,1,"https://t.me/DuyaoSS/2185","2019.12.05  晚8点测速

测速机场：厘米云，小中转机场

测速带宽：图1北京联通500M，图2上海 #电信 300M，图3江苏 #移动 500M

官网：https://bit.ly/33O35Jl


频道 @DuyaoSS","https://bit.ly/33O35Jl",NA,NA,NA,NA,NA,NA,NA,NA,NA,NA,NA,NA,NA,NA,NA,NA,NA,NA,NA,NA,NA,NA,NA,NA,NA,NA,NA,NA,NA,NA,NA,NA,NA,NA,NA,NA,NA,NA,NA,NA,NA,NA,NA,NA,NA,NA,NA,NA,NA,NA,NA,NA,NA,NA,NA,NA,NA,NA,NA,NA,NA
2019,2019-12-05 12:04:46,8300,6,"https://t.me/DuyaoSS/2184","2019.12.05  晚7点测速

测速机场：Cordcloud

测速带宽：北京联通500M

清晰测速图：https://bit.ly/36fPuvh

官网：https://bit.ly/2Qefn9U


频道 @DuyaoSS","https://bit.ly/36fPuvh","https://bit.ly/2Qefn9U",NA,NA,NA,NA,NA,NA,NA,NA,NA,NA,NA,NA,NA,NA,NA,NA,NA,NA,NA,NA,NA,NA,NA,NA,NA,NA,NA,NA,NA,NA,NA,NA,NA,NA,NA,NA,NA,NA,NA,NA,NA,NA,NA,NA,NA,NA,NA,NA,NA,NA,NA,NA,NA,NA,NA,NA,NA,NA,NA,NA
2019,2019-12-04 14:09:19,8651,1,"https://t.me/DuyaoSS/2180","2019.12.04  晚10点测速

测速机场：Conair，小流量中转机场

测速带宽：图1北京联通500M，图2上海 #电信 300M，图3江苏 #移动 500M

官网：https://bit.ly/34LXH9x 


频道 @DuyaoSS","https://bit.ly/34LXH9x",NA,NA,NA,NA,NA,NA,NA,NA,NA,NA,NA,NA,NA,NA,NA,NA,NA,NA,NA,NA,NA,NA,NA,NA,NA,NA,NA,NA,NA,NA,NA,NA,NA,NA,NA,NA,NA,NA,NA,NA,NA,NA,NA,NA,NA,NA,NA,NA,NA,NA,NA,NA,NA,NA,NA,NA,NA,NA,NA,NA,NA
2019,2019-12-04 12:50:22,7535,0,"https://t.me/DuyaoSS/2176","2019.12.04  晚8点半测速

测速机场：百草园

测速带宽：图1北京联通500M，图2上海 #电信 300M，图3江苏 #移动 500M

官网：https://bit.ly/33L980b


频道 @DuyaoSS","https://bit.ly/33L980b",NA,NA,NA,NA,NA,NA,NA,NA,NA,NA,NA,NA,NA,NA,NA,NA,NA,NA,NA,NA,NA,NA,NA,NA,NA,NA,NA,NA,NA,NA,NA,NA,NA,NA,NA,NA,NA,NA,NA,NA,NA,NA,NA,NA,NA,NA,NA,NA,NA,NA,NA,NA,NA,NA,NA,NA,NA,NA,NA,NA,NA
2019,2019-12-04 12:31:01,8212,0,"https://t.me/DuyaoSS/2172","2019.12.04  晚8点测速

测速机场：N3R0，中转机场

测速带宽：图1北京联通500M，图2上海 #电信 300M，图3江苏 #移动 500M

官网：https://bit.ly/35W6SEW


频道 @DuyaoSS","https://bit.ly/35W6SEW",NA,NA,NA,NA,NA,NA,NA,NA,NA,NA,NA,NA,NA,NA,NA,NA,NA,NA,NA,NA,NA,NA,NA,NA,NA,NA,NA,NA,NA,NA,NA,NA,NA,NA,NA,NA,NA,NA,NA,NA,NA,NA,NA,NA,NA,NA,NA,NA,NA,NA,NA,NA,NA,NA,NA,NA,NA,NA,NA,NA,NA
2019,2019-12-02 12:30:27,10255,1,"https://t.me/DuyaoSS/2168","2019.12.02  晚8点测速

测速机场：EX-FLUX，清晰图等下见[博客

](https://www.duyaoss.com/archives/3/)测速带宽：图1北京联通500M，图2上海 #电信 300M，图3江苏 #移动 500M

官网：https://bit.ly/2Y9vKXm


频道 @DuyaoSS","https://www.duyaoss.com/archives/3/)测速带宽：图1北京联通500M，图2上海","https://bit.ly/2Y9vKXm",NA,NA,NA,NA,NA,NA,NA,NA,NA,NA,NA,NA,NA,NA,NA,NA,NA,NA,NA,NA,NA,NA,NA,NA,NA,NA,NA,NA,NA,NA,NA,NA,NA,NA,NA,NA,NA,NA,NA,NA,NA,NA,NA,NA,NA,NA,NA,NA,NA,NA,NA,NA,NA,NA,NA,NA,NA,NA,NA,NA
2019,2019-12-02 11:40:38,8676,0,"https://t.me/DuyaoSS/2164","2019.12.02  晚7点测速

测速机场：养鸡场，清晰图看[博客](https://www.duyaoss.com/archives/3/)吧

测速带宽：图1北京联通500M，图2上海 #电信 300M，图3江苏 #移动 500M

官网：https://bit.ly/2RauKR3


频道 @DuyaoSS","https://www.duyaoss.com/archives/3/)吧","https://bit.ly/2RauKR3",NA,NA,NA,NA,NA,NA,NA,NA,NA,NA,NA,NA,NA,NA,NA,NA,NA,NA,NA,NA,NA,NA,NA,NA,NA,NA,NA,NA,NA,NA,NA,NA,NA,NA,NA,NA,NA,NA,NA,NA,NA,NA,NA,NA,NA,NA,NA,NA,NA,NA,NA,NA,NA,NA,NA,NA,NA,NA,NA,NA
2019,2019-12-01 19:26:10,8559,22,"https://t.me/DuyaoSS/2163","https://www.nfmovies.com/video/?18511-1-0.html","https://www.nfmovies.com/video/?18511-1-0.html",NA,NA,NA,NA,NA,NA,NA,NA,NA,NA,NA,NA,NA,NA,NA,NA,NA,NA,NA,NA,NA,NA,NA,NA,NA,NA,NA,NA,NA,NA,NA,NA,NA,NA,NA,NA,NA,NA,NA,NA,NA,NA,NA,NA,NA,NA,NA,NA,NA,NA,NA,NA,NA,NA,NA,NA,NA,NA,NA,NA,NA
2019,2019-12-01 15:38:10,8590,2,"https://t.me/DuyaoSS/2159","2019.12.01  晚11点半测速

测速机场：YToo，中转V2机场

测速带宽：图1北京联通500M，图2上海 #电信 300M，图3江苏 #移动 500M

官网：https://bit.ly/2ReZHDX


频道 @DuyaoSS","https://bit.ly/2ReZHDX",NA,NA,NA,NA,NA,NA,NA,NA,NA,NA,NA,NA,NA,NA,NA,NA,NA,NA,NA,NA,NA,NA,NA,NA,NA,NA,NA,NA,NA,NA,NA,NA,NA,NA,NA,NA,NA,NA,NA,NA,NA,NA,NA,NA,NA,NA,NA,NA,NA,NA,NA,NA,NA,NA,NA,NA,NA,NA,NA,NA,NA
2019,2019-12-01 15:13:20,7528,10,"https://t.me/DuyaoSS/2158","2019.12.01  晚10点测速

测速机场：魅影极速，中转机场

测速带宽：江苏 #移动 500M

清晰测速图：https://bit.ly/33ImlqV

TG群组：https://t.me/joinchat/GI87I09I100su88sztGjMg


频道 @DuyaoSS","https://bit.ly/33ImlqV","https://t.me/joinchat/GI87I09I100su88sztGjMg",NA,NA,NA,NA,NA,NA,NA,NA,NA,NA,NA,NA,NA,NA,NA,NA,NA,NA,NA,NA,NA,NA,NA,NA,NA,NA,NA,NA,NA,NA,NA,NA,NA,NA,NA,NA,NA,NA,NA,NA,NA,NA,NA,NA,NA,NA,NA,NA,NA,NA,NA,NA,NA,NA,NA,NA,NA,NA,NA,NA
2019,2019-12-01 15:11:58,7139,12,"https://t.me/DuyaoSS/2157","2019.12.01  晚10点测速

测速机场：魅影极速，中转机场

测速带宽：上海 #电信 300M

清晰测速图：https://bit.ly/2szxdud

TG群组：https://t.me/joinchat/GI87I09I100su88sztGjMg


频道 @DuyaoSS","https://bit.ly/2szxdud","https://t.me/joinchat/GI87I09I100su88sztGjMg",NA,NA,NA,NA,NA,NA,NA,NA,NA,NA,NA,NA,NA,NA,NA,NA,NA,NA,NA,NA,NA,NA,NA,NA,NA,NA,NA,NA,NA,NA,NA,NA,NA,NA,NA,NA,NA,NA,NA,NA,NA,NA,NA,NA,NA,NA,NA,NA,NA,NA,NA,NA,NA,NA,NA,NA,NA,NA,NA,NA
2019,2019-12-01 15:11:30,7662,13,"https://t.me/DuyaoSS/2156","2019.12.01  晚10点测速

测速机场：魅影极速，中转机场

测速带宽：北京联通500M

清晰测速图：https://bit.ly/34EuQV4

TG群组：https://t.me/joinchat/GI87I09I100su88sztGjMg


频道 @DuyaoSS","https://bit.ly/34EuQV4","https://t.me/joinchat/GI87I09I100su88sztGjMg",NA,NA,NA,NA,NA,NA,NA,NA,NA,NA,NA,NA,NA,NA,NA,NA,NA,NA,NA,NA,NA,NA,NA,NA,NA,NA,NA,NA,NA,NA,NA,NA,NA,NA,NA,NA,NA,NA,NA,NA,NA,NA,NA,NA,NA,NA,NA,NA,NA,NA,NA,NA,NA,NA,NA,NA,NA,NA,NA,NA
2019,2019-12-01 14:09:48,7637,1,"https://t.me/DuyaoSS/2152","2019.12.01  晚9点半测速

测速机场：繁星极速；清晰图等下看博客

测速带宽：图1北京联通500M，图2上海 #电信 300M，图3江苏 #移动 500M

官网：https://bit.ly/2OyWnBv


频道 @DuyaoSS","https://bit.ly/2OyWnBv",NA,NA,NA,NA,NA,NA,NA,NA,NA,NA,NA,NA,NA,NA,NA,NA,NA,NA,NA,NA,NA,NA,NA,NA,NA,NA,NA,NA,NA,NA,NA,NA,NA,NA,NA,NA,NA,NA,NA,NA,NA,NA,NA,NA,NA,NA,NA,NA,NA,NA,NA,NA,NA,NA,NA,NA,NA,NA,NA,NA,NA
2019,2019-11-30 12:56:03,7937,0,"https://t.me/DuyaoSS/2148","2019.11.30  晚8点半测速

测速机场：Boslife，中转机场

测速带宽：图1北京联通500M，图2上海 #电信 300M，图3江苏 #移动 500M

官网：https://bit.ly/35P2gAC


频道 @DuyaoSS","https://bit.ly/35P2gAC",NA,NA,NA,NA,NA,NA,NA,NA,NA,NA,NA,NA,NA,NA,NA,NA,NA,NA,NA,NA,NA,NA,NA,NA,NA,NA,NA,NA,NA,NA,NA,NA,NA,NA,NA,NA,NA,NA,NA,NA,NA,NA,NA,NA,NA,NA,NA,NA,NA,NA,NA,NA,NA,NA,NA,NA,NA,NA,NA,NA,NA
2019,2019-11-30 12:23:59,7119,0,"https://t.me/DuyaoSS/2144","2019.11.30  晚8点测速

测速机场：次元链接，充值或购买9折优惠；清晰图看[博客](https://www.duyaoss.com/archives/3/)吧

测速带宽：图1北京联通500M，图2上海 #电信 300M，图3江苏 #移动 500M

官网：https://bit.ly/34zUs5B


频道 @DuyaoSS","https://www.duyaoss.com/archives/3/)吧","https://bit.ly/34zUs5B",NA,NA,NA,NA,NA,NA,NA,NA,NA,NA,NA,NA,NA,NA,NA,NA,NA,NA,NA,NA,NA,NA,NA,NA,NA,NA,NA,NA,NA,NA,NA,NA,NA,NA,NA,NA,NA,NA,NA,NA,NA,NA,NA,NA,NA,NA,NA,NA,NA,NA,NA,NA,NA,NA,NA,NA,NA,NA,NA,NA
2019,2019-11-30 11:30:35,7103,3,"https://t.me/DuyaoSS/2143","2019.11.30  晚7点测速

测速机场：Rixcloud

测速带宽：江苏 #移动 500M

清晰测速图：https://bit.ly/2P1WmFz

官网：https://rebrand.ly/gf07kj


频道 @DuyaoSS","https://bit.ly/2P1WmFz","https://rebrand.ly/gf07kj",NA,NA,NA,NA,NA,NA,NA,NA,NA,NA,NA,NA,NA,NA,NA,NA,NA,NA,NA,NA,NA,NA,NA,NA,NA,NA,NA,NA,NA,NA,NA,NA,NA,NA,NA,NA,NA,NA,NA,NA,NA,NA,NA,NA,NA,NA,NA,NA,NA,NA,NA,NA,NA,NA,NA,NA,NA,NA,NA,NA
2019,2019-11-30 11:30:03,7038,5,"https://t.me/DuyaoSS/2142","2019.11.30  晚7点测速

测速机场：Rixcloud

测速带宽：上海 #电信 300M

清晰测速图：https://bit.ly/35MGa1y

官网：https://rebrand.ly/gf07kj


频道 @DuyaoSS","https://bit.ly/35MGa1y","https://rebrand.ly/gf07kj",NA,NA,NA,NA,NA,NA,NA,NA,NA,NA,NA,NA,NA,NA,NA,NA,NA,NA,NA,NA,NA,NA,NA,NA,NA,NA,NA,NA,NA,NA,NA,NA,NA,NA,NA,NA,NA,NA,NA,NA,NA,NA,NA,NA,NA,NA,NA,NA,NA,NA,NA,NA,NA,NA,NA,NA,NA,NA,NA,NA
2019,2019-11-30 11:29:31,7571,2,"https://t.me/DuyaoSS/2141","2019.11.30  晚7点测速

测速机场：Rixcloud，中转机场

测速带宽：北京联通500M

清晰测速图：https://bit.ly/2DslmAm

官网：https://rebrand.ly/gf07kj


频道 @DuyaoSS","https://bit.ly/2DslmAm","https://rebrand.ly/gf07kj",NA,NA,NA,NA,NA,NA,NA,NA,NA,NA,NA,NA,NA,NA,NA,NA,NA,NA,NA,NA,NA,NA,NA,NA,NA,NA,NA,NA,NA,NA,NA,NA,NA,NA,NA,NA,NA,NA,NA,NA,NA,NA,NA,NA,NA,NA,NA,NA,NA,NA,NA,NA,NA,NA,NA,NA,NA,NA,NA,NA
2019,2019-11-30 03:12:20,347,0,"https://t.me/DuyaoSS/2140","2019年11月30日:
【脚本】变更删除单个订阅节点的逻辑：①删除🔗标记转换为手动保存，②无🔗标记时删除节点。
【固件】订阅节点新增【重置订阅文件】按钮，当订阅无法显示可尝试重置后再更新。
【固件】同步 Hanwckf 的源码， 感谢来自 Hanwckf 大大的项目： https://github.com/hanwckf/rt-n56u/

使用以下命令配合【计划任务 (Crontab)脚本】实现自动化配置（备注：crontabs 的第一个数字（分钟）不能为*）
ss 更新 订阅链接： 
```sh_link.sh 
```ss ping 节点： 
```sh_ezscript.sh allping
```ss  自动选用节点： 
```sh_ezscript.sh ss_link_matching
```v2ray 更新 订阅链接： 
```Sh18_v2ray.sh uplink
```v2ray ping 节点： 
```Sh18_v2ray.sh ping_link

```👉下载地址： https://opt.cn2qq.com/padavan
👉旧文件下载地址： https://1.cn2qq.com/旧文件/
#一键自动更新固件脚本
```wget --no-check-certificate -O- https://opt.cn2qq.com/opt-script/up.sh > /tmp/up.sh && bash < /tmp/up.sh &```","https://github.com/hanwckf/rt-n56u/","https://opt.cn2qq.com/padavan","https://1.cn2qq.com/旧文件/","https://opt.cn2qq.com/opt-script/up.sh",NA,NA,NA,NA,NA,NA,NA,NA,NA,NA,NA,NA,NA,NA,NA,NA,NA,NA,NA,NA,NA,NA,NA,NA,NA,NA,NA,NA,NA,NA,NA,NA,NA,NA,NA,NA,NA,NA,NA,NA,NA,NA,NA,NA,NA,NA,NA,NA,NA,NA,NA,NA,NA,NA,NA,NA,NA,NA
2019,2019-11-29 16:11:01,8768,1,"https://t.me/DuyaoSS/2136","2019.11.30  晚0点测速

测速机场：喵帕斯，三级套餐；清晰图等下看博客

 测速带宽：图1北京联通500M，图2上海 #电信 300M，图3江苏 #移动 500M

官网：https://www.喵帕斯.com 


频道 @DuyaoSS","https://www.喵帕斯.com",NA,NA,NA,NA,NA,NA,NA,NA,NA,NA,NA,NA,NA,NA,NA,NA,NA,NA,NA,NA,NA,NA,NA,NA,NA,NA,NA,NA,NA,NA,NA,NA,NA,NA,NA,NA,NA,NA,NA,NA,NA,NA,NA,NA,NA,NA,NA,NA,NA,NA,NA,NA,NA,NA,NA,NA,NA,NA,NA,NA,NA
2019,2019-11-28 16:03:29,8039,1,"https://t.me/DuyaoSS/2131","2019.11.28  晚11点半测速

测速机场：泡芙云 

测速带宽：图1北京联通500M，图2上海 #电信 300M，图3江苏 #移动 500M

官网： https://bit.ly/2Y1uZiL


频道 @DuyaoSS","https://bit.ly/2Y1uZiL",NA,NA,NA,NA,NA,NA,NA,NA,NA,NA,NA,NA,NA,NA,NA,NA,NA,NA,NA,NA,NA,NA,NA,NA,NA,NA,NA,NA,NA,NA,NA,NA,NA,NA,NA,NA,NA,NA,NA,NA,NA,NA,NA,NA,NA,NA,NA,NA,NA,NA,NA,NA,NA,NA,NA,NA,NA,NA,NA,NA,NA
2019,2019-11-28 14:40:29,6704,1,"https://t.me/DuyaoSS/2127","2019.11.28  晚10点半测速

测速机场：少数派，小中转机场 

测速带宽：图1北京联通500M，图2上海 #电信 300M，图3江苏 #移动 500M

官网： https://bit.ly/33oPNlz


频道 @DuyaoSS","https://bit.ly/33oPNlz",NA,NA,NA,NA,NA,NA,NA,NA,NA,NA,NA,NA,NA,NA,NA,NA,NA,NA,NA,NA,NA,NA,NA,NA,NA,NA,NA,NA,NA,NA,NA,NA,NA,NA,NA,NA,NA,NA,NA,NA,NA,NA,NA,NA,NA,NA,NA,NA,NA,NA,NA,NA,NA,NA,NA,NA,NA,NA,NA,NA,NA
2019,2019-11-28 13:44:14,6586,4,"https://t.me/DuyaoSS/2123","2019.11.28  晚9点测速

测速机场：928Net，中转机场

测速带宽：图1北京联通500M，图2上海 #电信 300M，图3江苏 #移动 500M

官网： https://bit.ly/2XWrOZN


频道 @DuyaoSS","https://bit.ly/2XWrOZN",NA,NA,NA,NA,NA,NA,NA,NA,NA,NA,NA,NA,NA,NA,NA,NA,NA,NA,NA,NA,NA,NA,NA,NA,NA,NA,NA,NA,NA,NA,NA,NA,NA,NA,NA,NA,NA,NA,NA,NA,NA,NA,NA,NA,NA,NA,NA,NA,NA,NA,NA,NA,NA,NA,NA,NA,NA,NA,NA,NA,NA
2019,2019-11-28 12:55:17,6509,0,"https://t.me/DuyaoSS/2119","2019.11.28  晚8点半测速

测速机场：MoCloudPlus，清晰图等下看博客吧

测速带宽：图1北京联通500M，图2上海 #电信 300M，图3江苏 #移动 500M

官网： https://bit.ly/2mjr6a8 


频道 @DuyaoSS","https://bit.ly/2mjr6a8",NA,NA,NA,NA,NA,NA,NA,NA,NA,NA,NA,NA,NA,NA,NA,NA,NA,NA,NA,NA,NA,NA,NA,NA,NA,NA,NA,NA,NA,NA,NA,NA,NA,NA,NA,NA,NA,NA,NA,NA,NA,NA,NA,NA,NA,NA,NA,NA,NA,NA,NA,NA,NA,NA,NA,NA,NA,NA,NA,NA,NA
2019,2019-11-28 11:31:56,9138,1,"https://t.me/DuyaoSS/2115","2019.11.28  晚7点测速

测速机场：STC-Server，只是V4部分节点

测速带宽：图1北京联通500M，图2上海 #电信 300M，图3江苏 #移动 500M

官网： https://bit.ly/2srsx9J


频道 @DuyaoSS","https://bit.ly/2srsx9J",NA,NA,NA,NA,NA,NA,NA,NA,NA,NA,NA,NA,NA,NA,NA,NA,NA,NA,NA,NA,NA,NA,NA,NA,NA,NA,NA,NA,NA,NA,NA,NA,NA,NA,NA,NA,NA,NA,NA,NA,NA,NA,NA,NA,NA,NA,NA,NA,NA,NA,NA,NA,NA,NA,NA,NA,NA,NA,NA,NA,NA
2019,2019-11-26 13:43:11,9424,1,"https://t.me/DuyaoSS/2111","2019.11.26  晚9点半测速

测速机场：Nexitally，中转机场；休息去了

测速带宽：图1北京联通500M，图2上海 #电信 300M，图3江苏 #移动 500M

官网： https://bit.ly/2QRODME         

TG： https://t.me/nexitallyusers


频道 @DuyaoSS","https://bit.ly/2QRODME","https://t.me/nexitallyusers",NA,NA,NA,NA,NA,NA,NA,NA,NA,NA,NA,NA,NA,NA,NA,NA,NA,NA,NA,NA,NA,NA,NA,NA,NA,NA,NA,NA,NA,NA,NA,NA,NA,NA,NA,NA,NA,NA,NA,NA,NA,NA,NA,NA,NA,NA,NA,NA,NA,NA,NA,NA,NA,NA,NA,NA,NA,NA,NA,NA
2019,2019-11-26 13:04:12,6950,0,"https://t.me/DuyaoSS/2107","2019.11.26  晚8点半测速

测速机场：MIMEMI

测速带宽：图1北京联通500M，图2上海 #电信 300M，图3江苏 #移动 500M

官网：https://bit.ly/36AJkqy


频道 @DuyaoSS","https://bit.ly/36AJkqy",NA,NA,NA,NA,NA,NA,NA,NA,NA,NA,NA,NA,NA,NA,NA,NA,NA,NA,NA,NA,NA,NA,NA,NA,NA,NA,NA,NA,NA,NA,NA,NA,NA,NA,NA,NA,NA,NA,NA,NA,NA,NA,NA,NA,NA,NA,NA,NA,NA,NA,NA,NA,NA,NA,NA,NA,NA,NA,NA,NA,NA
2019,2019-11-26 12:24:21,6653,0,"https://t.me/DuyaoSS/2103","2019.11.26  晚8点测速

测速机场：卡车云

测速带宽：图1北京联通500M，图2上海 #电信 300M，图3江苏 #移动 500M

官网：https://bit.ly/34monhp


频道 @DuyaoSS","https://bit.ly/34monhp",NA,NA,NA,NA,NA,NA,NA,NA,NA,NA,NA,NA,NA,NA,NA,NA,NA,NA,NA,NA,NA,NA,NA,NA,NA,NA,NA,NA,NA,NA,NA,NA,NA,NA,NA,NA,NA,NA,NA,NA,NA,NA,NA,NA,NA,NA,NA,NA,NA,NA,NA,NA,NA,NA,NA,NA,NA,NA,NA,NA,NA
2019,2019-11-26 11:44:53,7114,4,"https://t.me/DuyaoSS/2099","2019.11.26  晚7点半测速

测速机场：36dCup

测速带宽：图1北京联通500M，图2上海 #电信 300M，图3江苏 #移动 500M

官网：https://bit.ly/2OlZlJF


频道 @DuyaoSS","https://bit.ly/2OlZlJF",NA,NA,NA,NA,NA,NA,NA,NA,NA,NA,NA,NA,NA,NA,NA,NA,NA,NA,NA,NA,NA,NA,NA,NA,NA,NA,NA,NA,NA,NA,NA,NA,NA,NA,NA,NA,NA,NA,NA,NA,NA,NA,NA,NA,NA,NA,NA,NA,NA,NA,NA,NA,NA,NA,NA,NA,NA,NA,NA,NA,NA
2019,2019-11-25 14:45:40,7570,0,"https://t.me/DuyaoSS/2095","2019.11.25  晚10点半测速

测速机场：202Net，中转机场

测速带宽：图1北京联通500M，图2上海 #电信 300M，图3江苏 #移动 500M

官网：https://bit.ly/2OgfJvg


频道 @DuyaoSS","https://bit.ly/2OgfJvg",NA,NA,NA,NA,NA,NA,NA,NA,NA,NA,NA,NA,NA,NA,NA,NA,NA,NA,NA,NA,NA,NA,NA,NA,NA,NA,NA,NA,NA,NA,NA,NA,NA,NA,NA,NA,NA,NA,NA,NA,NA,NA,NA,NA,NA,NA,NA,NA,NA,NA,NA,NA,NA,NA,NA,NA,NA,NA,NA,NA,NA
2019,2019-11-25 12:06:26,6260,0,"https://t.me/DuyaoSS/2087","2019.11.25  晚7点半测速

测速机场：辉耀网络，新接触的站，不了解

测速带宽：图1北京联通500M，图2上海 #电信 300M，图3江苏 #移动 500M

官网：https://bit.ly/2QV1IEO


频道 @DuyaoSS","https://bit.ly/2QV1IEO",NA,NA,NA,NA,NA,NA,NA,NA,NA,NA,NA,NA,NA,NA,NA,NA,NA,NA,NA,NA,NA,NA,NA,NA,NA,NA,NA,NA,NA,NA,NA,NA,NA,NA,NA,NA,NA,NA,NA,NA,NA,NA,NA,NA,NA,NA,NA,NA,NA,NA,NA,NA,NA,NA,NA,NA,NA,NA,NA,NA,NA
2019,2019-11-25 11:26:00,6929,3,"https://t.me/DuyaoSS/2083","2019.11.25  晚7点测速

测速机场：榴花云

测速带宽：图1北京联通500M，图2上海 #电信 300M，图3江苏 #移动 500M

官网：https://bit.ly/35BySO9


频道 @DuyaoSS","https://bit.ly/35BySO9",NA,NA,NA,NA,NA,NA,NA,NA,NA,NA,NA,NA,NA,NA,NA,NA,NA,NA,NA,NA,NA,NA,NA,NA,NA,NA,NA,NA,NA,NA,NA,NA,NA,NA,NA,NA,NA,NA,NA,NA,NA,NA,NA,NA,NA,NA,NA,NA,NA,NA,NA,NA,NA,NA,NA,NA,NA,NA,NA,NA,NA
2019,2019-11-25 11:24:52,6924,4,"https://t.me/DuyaoSS/2082","https://t.me/ShadowrocketNews/294","https://t.me/ShadowrocketNews/294",NA,NA,NA,NA,NA,NA,NA,NA,NA,NA,NA,NA,NA,NA,NA,NA,NA,NA,NA,NA,NA,NA,NA,NA,NA,NA,NA,NA,NA,NA,NA,NA,NA,NA,NA,NA,NA,NA,NA,NA,NA,NA,NA,NA,NA,NA,NA,NA,NA,NA,NA,NA,NA,NA,NA,NA,NA,NA,NA,NA,NA
2019,2019-11-24 14:10:55,7544,0,"https://t.me/DuyaoSS/2078","2019.11.24  晚9点半测速

测速机场：NSL Network

测速带宽：图1北京联通500M，图2上海 #电信 300M，图3江苏 #移动 500M

官网：https://bit.ly/2Odg1mx


频道 @DuyaoSS","https://bit.ly/2Odg1mx",NA,NA,NA,NA,NA,NA,NA,NA,NA,NA,NA,NA,NA,NA,NA,NA,NA,NA,NA,NA,NA,NA,NA,NA,NA,NA,NA,NA,NA,NA,NA,NA,NA,NA,NA,NA,NA,NA,NA,NA,NA,NA,NA,NA,NA,NA,NA,NA,NA,NA,NA,NA,NA,NA,NA,NA,NA,NA,NA,NA,NA
2019,2019-11-24 12:58:27,6751,0,"https://t.me/DuyaoSS/2074","2019.11.24  晚8点半测速

测速机场：AAEX，中转机场

测速带宽：图1北京联通500M，图2上海 #电信 300M，图3江苏 #移动 500M

官网：https://bit.ly/2XFUjed


频道 @DuyaoSS","https://bit.ly/2XFUjed",NA,NA,NA,NA,NA,NA,NA,NA,NA,NA,NA,NA,NA,NA,NA,NA,NA,NA,NA,NA,NA,NA,NA,NA,NA,NA,NA,NA,NA,NA,NA,NA,NA,NA,NA,NA,NA,NA,NA,NA,NA,NA,NA,NA,NA,NA,NA,NA,NA,NA,NA,NA,NA,NA,NA,NA,NA,NA,NA,NA,NA
2019,2019-11-24 12:25:05,6701,0,"https://t.me/DuyaoSS/2070","2019.11.24  晚8点测速

测速机场：Flycloud；8折优惠码：S11

测速带宽：图1北京联通500M，图2上海 #电信 300M，图3江苏 #移动 500M

官网：https://bit.ly/37uzdE9


频道 @DuyaoSS","https://bit.ly/37uzdE9",NA,NA,NA,NA,NA,NA,NA,NA,NA,NA,NA,NA,NA,NA,NA,NA,NA,NA,NA,NA,NA,NA,NA,NA,NA,NA,NA,NA,NA,NA,NA,NA,NA,NA,NA,NA,NA,NA,NA,NA,NA,NA,NA,NA,NA,NA,NA,NA,NA,NA,NA,NA,NA,NA,NA,NA,NA,NA,NA,NA,NA
2019,2019-11-24 12:02:43,7782,1,"https://t.me/DuyaoSS/2066","2019.11.24  晚6点测速

测速机场：海豚湾；刚才出门前测的，清晰图看[博客](https://www.duyaoss.com/archives/3/)吧

测速带宽：图1北京联通500M，图2上海 #电信 300M，图3江苏 #移动 500M

官网：https://bit.ly/2XFzEXs


频道 @DuyaoSS","https://www.duyaoss.com/archives/3/)吧","https://bit.ly/2XFzEXs",NA,NA,NA,NA,NA,NA,NA,NA,NA,NA,NA,NA,NA,NA,NA,NA,NA,NA,NA,NA,NA,NA,NA,NA,NA,NA,NA,NA,NA,NA,NA,NA,NA,NA,NA,NA,NA,NA,NA,NA,NA,NA,NA,NA,NA,NA,NA,NA,NA,NA,NA,NA,NA,NA,NA,NA,NA,NA,NA,NA
2019,2019-11-23 16:16:44,7489,2,"https://t.me/DuyaoSS/2062","2019.11.24  晚0点测速

测速机场：Amcloud，安慕希网络加速

测速带宽：图1北京联通500M，图2上海 #电信 300M，图3江苏 #移动 500M

官网：https://bit.ly/34gfNAy


频道 @DuyaoSS","https://bit.ly/34gfNAy",NA,NA,NA,NA,NA,NA,NA,NA,NA,NA,NA,NA,NA,NA,NA,NA,NA,NA,NA,NA,NA,NA,NA,NA,NA,NA,NA,NA,NA,NA,NA,NA,NA,NA,NA,NA,NA,NA,NA,NA,NA,NA,NA,NA,NA,NA,NA,NA,NA,NA,NA,NA,NA,NA,NA,NA,NA,NA,NA,NA,NA
2019,2019-11-23 15:37:59,7271,0,"https://t.me/DuyaoSS/2058","2019.11.23  晚11点测速

测速机场：CTCloud 

测速带宽：图1北京联通500M，图2上海 #电信 300M，图3江苏 #移动 500M

官网：https://bit.ly/34oIyLP


频道 @DuyaoSS","https://bit.ly/34oIyLP",NA,NA,NA,NA,NA,NA,NA,NA,NA,NA,NA,NA,NA,NA,NA,NA,NA,NA,NA,NA,NA,NA,NA,NA,NA,NA,NA,NA,NA,NA,NA,NA,NA,NA,NA,NA,NA,NA,NA,NA,NA,NA,NA,NA,NA,NA,NA,NA,NA,NA,NA,NA,NA,NA,NA,NA,NA,NA,NA,NA,NA
2019,2019-11-23 14:23:24,7957,0,"https://t.me/DuyaoSS/2054","2019.11.23  晚9点半测速

测速机场：KyCloud，清晰图等下放[博客

](https://www.duyaoss.com/archives/3/)测速带宽：图1北京联通500M，图2上海 #电信 300M，图3江苏 #移动 500M

官网：https://bit.ly/2Oea8Ws


频道 @DuyaoSS","https://www.duyaoss.com/archives/3/)测速带宽：图1北京联通500M，图2上海","https://bit.ly/2Oea8Ws",NA,NA,NA,NA,NA,NA,NA,NA,NA,NA,NA,NA,NA,NA,NA,NA,NA,NA,NA,NA,NA,NA,NA,NA,NA,NA,NA,NA,NA,NA,NA,NA,NA,NA,NA,NA,NA,NA,NA,NA,NA,NA,NA,NA,NA,NA,NA,NA,NA,NA,NA,NA,NA,NA,NA,NA,NA,NA,NA,NA
2019,2019-11-23 03:42:19,8589,18,"https://t.me/DuyaoSS/2053","华硕 RT-AC86U_384_81351 官改固件已发~
详情：https://koolshare.cn/thread-139965-1-1.html","https://koolshare.cn/thread-139965-1-1.html",NA,NA,NA,NA,NA,NA,NA,NA,NA,NA,NA,NA,NA,NA,NA,NA,NA,NA,NA,NA,NA,NA,NA,NA,NA,NA,NA,NA,NA,NA,NA,NA,NA,NA,NA,NA,NA,NA,NA,NA,NA,NA,NA,NA,NA,NA,NA,NA,NA,NA,NA,NA,NA,NA,NA,NA,NA,NA,NA,NA,NA
2019,2019-11-22 13:46:51,8934,3,"https://t.me/DuyaoSS/2052","2019.11.22  晚9点测速

测速机场：ssrcloud，薯条

测速带宽：江苏 #移动 500M

清晰测速图： https://bit.ly/33e2gs2

官网：https://bit.ly/2OC6eHu 


频道 @DuyaoSS","https://bit.ly/33e2gs2","https://bit.ly/2OC6eHu",NA,NA,NA,NA,NA,NA,NA,NA,NA,NA,NA,NA,NA,NA,NA,NA,NA,NA,NA,NA,NA,NA,NA,NA,NA,NA,NA,NA,NA,NA,NA,NA,NA,NA,NA,NA,NA,NA,NA,NA,NA,NA,NA,NA,NA,NA,NA,NA,NA,NA,NA,NA,NA,NA,NA,NA,NA,NA,NA,NA
2019,2019-11-22 13:45:43,8322,0,"https://t.me/DuyaoSS/2051","2019.11.22  晚9点测速

测速机场：ssrcloud，薯条

测速带宽：上海 #电信 300M

清晰测速图： https://bit.ly/2KH40ne

官网：https://bit.ly/2OC6eHu 


频道 @DuyaoSS","https://bit.ly/2KH40ne","https://bit.ly/2OC6eHu",NA,NA,NA,NA,NA,NA,NA,NA,NA,NA,NA,NA,NA,NA,NA,NA,NA,NA,NA,NA,NA,NA,NA,NA,NA,NA,NA,NA,NA,NA,NA,NA,NA,NA,NA,NA,NA,NA,NA,NA,NA,NA,NA,NA,NA,NA,NA,NA,NA,NA,NA,NA,NA,NA,NA,NA,NA,NA,NA,NA
2019,2019-11-22 13:39:53,8414,4,"https://t.me/DuyaoSS/2050","2019.11.22  晚9点测速

测速机场：ssrcloud，薯条

测速带宽：北京联通500M

清晰测速图： https://bit.ly/2QHrxIE

官网：https://bit.ly/2OC6eHu 


频道 @DuyaoSS","https://bit.ly/2QHrxIE","https://bit.ly/2OC6eHu",NA,NA,NA,NA,NA,NA,NA,NA,NA,NA,NA,NA,NA,NA,NA,NA,NA,NA,NA,NA,NA,NA,NA,NA,NA,NA,NA,NA,NA,NA,NA,NA,NA,NA,NA,NA,NA,NA,NA,NA,NA,NA,NA,NA,NA,NA,NA,NA,NA,NA,NA,NA,NA,NA,NA,NA,NA,NA,NA,NA
2019,2019-11-17 13:24:18,14939,2,"https://t.me/DuyaoSS/2041","2019.11.17  晚9点测速

测速机场：SWCloud

测速带宽：图1北京联通500M，图2上海 #电信 300M，图3江苏 #移动 500M。

官网：https://bit.ly/2QuHdib


频道 @DuyaoSS","https://bit.ly/2QuHdib",NA,NA,NA,NA,NA,NA,NA,NA,NA,NA,NA,NA,NA,NA,NA,NA,NA,NA,NA,NA,NA,NA,NA,NA,NA,NA,NA,NA,NA,NA,NA,NA,NA,NA,NA,NA,NA,NA,NA,NA,NA,NA,NA,NA,NA,NA,NA,NA,NA,NA,NA,NA,NA,NA,NA,NA,NA,NA,NA,NA,NA
2019,2019-11-17 11:39:55,7827,1,"https://t.me/DuyaoSS/2034","2019.11.17  晚7点半测速

测速机场：云图小镇 

测速带宽：图1北京联通500M，图2上海 #电信 300M，图3江苏 #移动 500M

官网：https://silence.yuntu-town.top/


频道 @DuyaoSS","https://silence.yuntu-town.top/",NA,NA,NA,NA,NA,NA,NA,NA,NA,NA,NA,NA,NA,NA,NA,NA,NA,NA,NA,NA,NA,NA,NA,NA,NA,NA,NA,NA,NA,NA,NA,NA,NA,NA,NA,NA,NA,NA,NA,NA,NA,NA,NA,NA,NA,NA,NA,NA,NA,NA,NA,NA,NA,NA,NA,NA,NA,NA,NA,NA,NA
2019,2019-11-16 15:49:52,8236,2,"https://t.me/DuyaoSS/2030","2019.11.16  晚11点半测速

测速机场：贼船，中转小船；收工休息 

测速带宽：图1北京联通500M，图2上海 #电信 300M，图3江苏 #移动 500M

官网：https://bit.ly/2Of8jam


频道 @DuyaoSS","https://bit.ly/2Of8jam",NA,NA,NA,NA,NA,NA,NA,NA,NA,NA,NA,NA,NA,NA,NA,NA,NA,NA,NA,NA,NA,NA,NA,NA,NA,NA,NA,NA,NA,NA,NA,NA,NA,NA,NA,NA,NA,NA,NA,NA,NA,NA,NA,NA,NA,NA,NA,NA,NA,NA,NA,NA,NA,NA,NA,NA,NA,NA,NA,NA,NA
